[
  {
    "mpFullName": "Diane Abbott",
    "mpUrl": "https://www.theyworkforyou.com/mp/10001/diane_abbott/hackney_north_and_stoke_newington/votes"
  },
  {
    "mpFullName": "Debbie Abrahams",
    "mpUrl": "https://www.theyworkforyou.com/mp/25034/debbie_abrahams/oldham_east_and_saddleworth/votes"
  },
  {
    "mpFullName": "Nigel Adams",
    "mpUrl": "https://www.theyworkforyou.com/mp/24878/nigel_adams/selby_and_ainsty/votes"
  },
  {
    "mpFullName": "Bim Afolami",
    "mpUrl": "https://www.theyworkforyou.com/mp/25661/bim_afolami/hitchin_and_harpenden/votes"
  },
  {
    "mpFullName": "Adam Afriyie",
    "mpUrl": "https://www.theyworkforyou.com/mp/11929/adam_afriyie/windsor/votes"
  },
  {
    "mpFullName": "Peter Aldous",
    "mpUrl": "https://www.theyworkforyou.com/mp/24904/peter_aldous/waveney/votes"
  },
  {
    "mpFullName": "Rushanara Ali",
    "mpUrl": "https://www.theyworkforyou.com/mp/24958/rushanara_ali/bethnal_green_and_bow/votes"
  },
  {
    "mpFullName": "Lucy Allan",
    "mpUrl": "https://www.theyworkforyou.com/mp/25337/lucy_allan/telford/votes"
  },
  {
    "mpFullName": "Heidi Allen",
    "mpUrl": "https://www.theyworkforyou.com/mp/25348/heidi_allen/south_cambridgeshire/votes"
  },
  {
    "mpFullName": "Rosena Allin-Khan",
    "mpUrl": "https://www.theyworkforyou.com/mp/25579/rosena_allin-khan/tooting/votes"
  },
  {
    "mpFullName": "Mike Amesbury",
    "mpUrl": "https://www.theyworkforyou.com/mp/25702/mike_amesbury/weaver_vale/votes"
  },
  {
    "mpFullName": "David Amess",
    "mpUrl": "https://www.theyworkforyou.com/mp/10009/sir_david_amess/southend_west/votes"
  },
  {
    "mpFullName": "Stuart Andrew",
    "mpUrl": "https://www.theyworkforyou.com/mp/24864/stuart_andrew/pudsey/votes"
  },
  {
    "mpFullName": "Tonia Antoniazzi",
    "mpUrl": "https://www.theyworkforyou.com/mp/25634/tonia_antoniazzi/gower/votes"
  },
  {
    "mpFullName": "Edward Argar",
    "mpUrl": "https://www.theyworkforyou.com/mp/25396/edward_argar/charnwood/votes"
  },
  {
    "mpFullName": "Jon Ashworth",
    "mpUrl": "https://www.theyworkforyou.com/mp/25120/jon_ashworth/leicester_south/votes"
  },
  {
    "mpFullName": "Victoria Atkins",
    "mpUrl": "https://www.theyworkforyou.com/mp/25424/victoria_atkins/louth_and_horncastle/votes"
  },
  {
    "mpFullName": "Ian Austin",
    "mpUrl": "https://www.theyworkforyou.com/mp/11553/ian_austin/dudley_north/votes"
  },
  {
    "mpFullName": "Richard Bacon",
    "mpUrl": "https://www.theyworkforyou.com/mp/10707/richard_bacon/south_norfolk/votes"
  },
  {
    "mpFullName": "Kemi Badenoch",
    "mpUrl": "https://www.theyworkforyou.com/mp/25693/kemi_badenoch/saffron_walden/votes"
  },
  {
    "mpFullName": "Adrian Bailey",
    "mpUrl": "https://www.theyworkforyou.com/mp/10683/adrian_bailey/west_bromwich_west/votes"
  },
  {
    "mpFullName": "Steven Baker",
    "mpUrl": "https://www.theyworkforyou.com/mp/24786/steven_baker/wycombe/votes"
  },
  {
    "mpFullName": "Harriett Baldwin",
    "mpUrl": "https://www.theyworkforyou.com/mp/24785/harriett_baldwin/west_worcestershire/votes"
  },
  {
    "mpFullName": "Stephen Barclay",
    "mpUrl": "https://www.theyworkforyou.com/mp/24916/stephen_barclay/north_east_cambridgeshire/votes"
  },
  {
    "mpFullName": "Hannah Bardell",
    "mpUrl": "https://www.theyworkforyou.com/mp/25409/hannah_bardell/livingston/votes"
  },
  {
    "mpFullName": "John Baron",
    "mpUrl": "https://www.theyworkforyou.com/mp/10715/john_baron/basildon_and_billericay/votes"
  },
  {
    "mpFullName": "Kevin Barron",
    "mpUrl": "https://www.theyworkforyou.com/mp/10027/kevin_barron/rother_valley/votes"
  },
  {
    "mpFullName": "Guto Bebb",
    "mpUrl": "https://www.theyworkforyou.com/mp/24736/guto_bebb/aberconwy/votes"
  },
  {
    "mpFullName": "Margaret Beckett",
    "mpUrl": "https://www.theyworkforyou.com/mp/10031/margaret_beckett/derby_south/votes"
  },
  {
    "mpFullName": "�rfhlaith Begley",
    "mpUrl": "https://www.theyworkforyou.com/mp/25726/orfhlaith_begley/west_tyrone/votes"
  },
  {
    "mpFullName": "Henry Bellingham",
    "mpUrl": "https://www.theyworkforyou.com/mp/10726/henry_bellingham/north_west_norfolk/votes"
  },
  {
    "mpFullName": "Hilary Benn",
    "mpUrl": "https://www.theyworkforyou.com/mp/10669/hilary_benn/leeds_central/votes"
  },
  {
    "mpFullName": "Richard Benyon",
    "mpUrl": "https://www.theyworkforyou.com/mp/11727/richard_benyon/newbury/votes"
  },
  {
    "mpFullName": "John Bercow",
    "mpUrl": "https://www.theyworkforyou.com/mp/10040/john_bercow/buckingham/votes"
  },
  {
    "mpFullName": "Paul Beresford",
    "mpUrl": "https://www.theyworkforyou.com/mp/10041/paul_beresford/mole_valley/votes"
  },
  {
    "mpFullName": "Luciana Berger",
    "mpUrl": "https://www.theyworkforyou.com/mp/24924/luciana_berger/liverpool%2C_wavertree/votes"
  },
  {
    "mpFullName": "Jake Berry",
    "mpUrl": "https://www.theyworkforyou.com/mp/24860/jake_berry/rossendale_and_darwen/votes"
  },
  {
    "mpFullName": "Clive Betts",
    "mpUrl": "https://www.theyworkforyou.com/mp/10045/clive_betts/sheffield_south_east/votes"
  },
  {
    "mpFullName": "Mhairi Black",
    "mpUrl": "https://www.theyworkforyou.com/mp/25269/mhairi_black/paisley_and_renfrewshire_south/votes"
  },
  {
    "mpFullName": "Ian Blackford",
    "mpUrl": "https://www.theyworkforyou.com/mp/25361/ian_blackford/ross%2C_skye_and_lochaber/votes"
  },
  {
    "mpFullName": "Bob Blackman",
    "mpUrl": "https://www.theyworkforyou.com/mp/24945/bob_blackman/harrow_east/votes"
  },
  {
    "mpFullName": "Kirsty Blackman",
    "mpUrl": "https://www.theyworkforyou.com/mp/25314/kirsty_blackman/aberdeen_north/votes"
  },
  {
    "mpFullName": "Roberta Blackman-Woods",
    "mpUrl": "https://www.theyworkforyou.com/mp/11558/roberta_blackman-woods/city_of_durham/votes"
  },
  {
    "mpFullName": "Paul Blomfield",
    "mpUrl": "https://www.theyworkforyou.com/mp/24943/paul_blomfield/sheffield_central/votes"
  },
  {
    "mpFullName": "Crispin Blunt",
    "mpUrl": "https://www.theyworkforyou.com/mp/10051/crispin_blunt/reigate/votes"
  },
  {
    "mpFullName": "Nicholas Boles",
    "mpUrl": "https://www.theyworkforyou.com/mp/24766/nicholas_boles/grantham_and_stamford/votes"
  },
  {
    "mpFullName": "Peter Bone",
    "mpUrl": "https://www.theyworkforyou.com/mp/11915/peter_bone/wellingborough/votes"
  },
  {
    "mpFullName": "Peter Bottomley",
    "mpUrl": "https://www.theyworkforyou.com/mp/10057/peter_bottomley/worthing_west/votes"
  },
  {
    "mpFullName": "Andrew Bowie",
    "mpUrl": "https://www.theyworkforyou.com/mp/25703/andrew_bowie/west_aberdeenshire_and_kincardine/votes"
  },
  {
    "mpFullName": "Tracy Brabin",
    "mpUrl": "https://www.theyworkforyou.com/mp/25592/tracy_brabin/batley_and_spen/votes"
  },
  {
    "mpFullName": "Ben Bradley",
    "mpUrl": "https://www.theyworkforyou.com/mp/25683/ben_bradley/mansfield/votes"
  },
  {
    "mpFullName": "Karen Bradley",
    "mpUrl": "https://www.theyworkforyou.com/mp/24725/karen_bradley/staffordshire_moorlands/votes"
  },
  {
    "mpFullName": "Ben Bradshaw",
    "mpUrl": "https://www.theyworkforyou.com/mp/10061/ben_bradshaw/exeter/votes"
  },
  {
    "mpFullName": "Graham Brady",
    "mpUrl": "https://www.theyworkforyou.com/mp/10062/graham_brady/altrincham_and_sale_west/votes"
  },
  {
    "mpFullName": "Mickey Brady",
    "mpUrl": "https://www.theyworkforyou.com/mp/13893/mickey_brady/newry_and_armagh/votes"
  },
  {
    "mpFullName": "Tom Brake",
    "mpUrl": "https://www.theyworkforyou.com/mp/10063/tom_brake/carshalton_and_wallington/votes"
  },
  {
    "mpFullName": "Suella Braverman",
    "mpUrl": "https://www.theyworkforyou.com/mp/25272/suella_braverman/fareham/votes"
  },
  {
    "mpFullName": "Kevin Brennan",
    "mpUrl": "https://www.theyworkforyou.com/mp/10753/kevin_brennan/cardiff_west/votes"
  },
  {
    "mpFullName": "Jack Brereton",
    "mpUrl": "https://www.theyworkforyou.com/mp/25698/jack_brereton/stoke-on-trent_south/votes"
  },
  {
    "mpFullName": "Andrew Bridgen",
    "mpUrl": "https://www.theyworkforyou.com/mp/24741/andrew_bridgen/north_west_leicestershire/votes"
  },
  {
    "mpFullName": "Steve Brine",
    "mpUrl": "https://www.theyworkforyou.com/mp/24901/steve_brine/winchester/votes"
  },
  {
    "mpFullName": "Deidre Brock",
    "mpUrl": "https://www.theyworkforyou.com/mp/25336/deidre_brock/edinburgh_north_and_leith/votes"
  },
  {
    "mpFullName": "James Brokenshire",
    "mpUrl": "https://www.theyworkforyou.com/mp/11640/james_brokenshire/old_bexley_and_sidcup/votes"
  },
  {
    "mpFullName": "Alan Brown",
    "mpUrl": "https://www.theyworkforyou.com/mp/25268/alan_brown/kilmarnock_and_loudoun/votes"
  },
  {
    "mpFullName": "Lyn Brown",
    "mpUrl": "https://www.theyworkforyou.com/mp/11921/lyn_brown/west_ham/votes"
  },
  {
    "mpFullName": "Nick Brown",
    "mpUrl": "https://www.theyworkforyou.com/mp/10069/nick_brown/newcastle_upon_tyne_east/votes"
  },
  {
    "mpFullName": "Fiona Bruce",
    "mpUrl": "https://www.theyworkforyou.com/mp/24857/fiona_bruce/congleton/votes"
  },
  {
    "mpFullName": "Chris Bryant",
    "mpUrl": "https://www.theyworkforyou.com/mp/10761/chris_bryant/rhondda/votes"
  },
  {
    "mpFullName": "Karen Buck",
    "mpUrl": "https://www.theyworkforyou.com/mp/10075/karen_buck/westminster_north/votes"
  },
  {
    "mpFullName": "Robert Buckland",
    "mpUrl": "https://www.theyworkforyou.com/mp/24843/robert_buckland/south_swindon/votes"
  },
  {
    "mpFullName": "Richard Burden",
    "mpUrl": "https://www.theyworkforyou.com/mp/10076/richard_burden/birmingham%2C_northfield/votes"
  },
  {
    "mpFullName": "Alex Burghart",
    "mpUrl": "https://www.theyworkforyou.com/mp/25659/alex_burghart/brentwood_and_ongar/votes"
  },
  {
    "mpFullName": "Richard Burgon",
    "mpUrl": "https://www.theyworkforyou.com/mp/25391/richard_burgon/leeds_east/votes"
  },
  {
    "mpFullName": "Conor Burns",
    "mpUrl": "https://www.theyworkforyou.com/mp/24780/conor_burns/bournemouth_west/votes"
  },
  {
    "mpFullName": "Alistair Burt",
    "mpUrl": "https://www.theyworkforyou.com/mp/10770/alistair_burt/north_east_bedfordshire/votes"
  },
  {
    "mpFullName": "Dawn Butler",
    "mpUrl": "https://www.theyworkforyou.com/mp/11447/dawn_butler/brent_central/votes"
  },
  {
    "mpFullName": "Liam Byrne",
    "mpUrl": "https://www.theyworkforyou.com/mp/11360/liam_byrne/birmingham%2C_hodge_hill/votes"
  },
  {
    "mpFullName": "Vincent Cable",
    "mpUrl": "https://www.theyworkforyou.com/mp/10084/vincent_cable/twickenham/votes"
  },
  {
    "mpFullName": "Ruth Cadbury",
    "mpUrl": "https://www.theyworkforyou.com/mp/25343/ruth_cadbury/brentford_and_isleworth/votes"
  },
  {
    "mpFullName": "Alun Cairns",
    "mpUrl": "https://www.theyworkforyou.com/mp/24740/alun_cairns/vale_of_glamorgan/votes"
  },
  {
    "mpFullName": "Lisa Cameron",
    "mpUrl": "https://www.theyworkforyou.com/mp/25276/lisa_cameron/east_kilbride%2C_strathaven_and_lesmahagow/votes"
  },
  {
    "mpFullName": "Alan Campbell",
    "mpUrl": "https://www.theyworkforyou.com/mp/10086/alan_campbell/tynemouth/votes"
  },
  {
    "mpFullName": "Gregory Campbell",
    "mpUrl": "https://www.theyworkforyou.com/mp/10780/gregory_campbell/east_londonderry/votes"
  },
  {
    "mpFullName": "Ronnie Campbell",
    "mpUrl": "https://www.theyworkforyou.com/mp/10089/ronnie_campbell/blyth_valley/votes"
  },
  {
    "mpFullName": "Dan Carden",
    "mpUrl": "https://www.theyworkforyou.com/mp/25642/dan_carden/liverpool%2C_walton/votes"
  },
  {
    "mpFullName": "Alistair Carmichael",
    "mpUrl": "https://www.theyworkforyou.com/mp/10785/alistair_carmichael/orkney_and_shetland/votes"
  },
  {
    "mpFullName": "James Cartlidge",
    "mpUrl": "https://www.theyworkforyou.com/mp/25414/james_cartlidge/south_suffolk/votes"
  },
  {
    "mpFullName": "Bill Cash",
    "mpUrl": "https://www.theyworkforyou.com/mp/10095/bill_cash/stone/votes"
  },
  {
    "mpFullName": "Maria Caulfield",
    "mpUrl": "https://www.theyworkforyou.com/mp/25397/maria_caulfield/lewes/votes"
  },
  {
    "mpFullName": "Alex Chalk",
    "mpUrl": "https://www.theyworkforyou.com/mp/25340/alex_chalk/cheltenham/votes"
  },
  {
    "mpFullName": "Sarah Champion",
    "mpUrl": "https://www.theyworkforyou.com/mp/25168/sarah_champion/rotherham/votes"
  },
  {
    "mpFullName": "Douglas Chapman",
    "mpUrl": "https://www.theyworkforyou.com/mp/25305/douglas_chapman/dunfermline_and_west_fife/votes"
  },
  {
    "mpFullName": "Jenny Chapman",
    "mpUrl": "https://www.theyworkforyou.com/mp/24711/jenny_chapman/darlington/votes"
  },
  {
    "mpFullName": "Bambos Charalambous",
    "mpUrl": "https://www.theyworkforyou.com/mp/25676/bambos_charalambous/enfield%2C_southgate/votes"
  },
  {
    "mpFullName": "Joanna Cherry",
    "mpUrl": "https://www.theyworkforyou.com/mp/25404/joanna_cherry/edinburgh_south_west/votes"
  },
  {
    "mpFullName": "Rehman Chishti",
    "mpUrl": "https://www.theyworkforyou.com/mp/24920/rehman_chishti/gillingham_and_rainham/votes"
  },
  {
    "mpFullName": "Christopher Chope",
    "mpUrl": "https://www.theyworkforyou.com/mp/10103/christopher_chope/christchurch/votes"
  },
  {
    "mpFullName": "Jo Churchill",
    "mpUrl": "https://www.theyworkforyou.com/mp/25408/jo_churchill/bury_st_edmunds/votes"
  },
  {
    "mpFullName": "Colin Clark",
    "mpUrl": "https://www.theyworkforyou.com/mp/25678/colin_clark/gordon/votes"
  },
  {
    "mpFullName": "Greg Clark",
    "mpUrl": "https://www.theyworkforyou.com/mp/11884/greg_clark/tunbridge_wells/votes"
  },
  {
    "mpFullName": "Kenneth Clarke",
    "mpUrl": "https://www.theyworkforyou.com/mp/10115/kenneth_clarke/rushcliffe/votes"
  },
  {
    "mpFullName": "Simon Clarke",
    "mpUrl": "https://www.theyworkforyou.com/mp/25657/simon_clarke/middlesbrough_south_and_east_cleveland/votes"
  },
  {
    "mpFullName": "James Cleverly",
    "mpUrl": "https://www.theyworkforyou.com/mp/25376/james_cleverly/braintree/votes"
  },
  {
    "mpFullName": "Geoffrey Clifton-Brown",
    "mpUrl": "https://www.theyworkforyou.com/mp/10119/geoffrey_clifton-brown/the_cotswolds/votes"
  },
  {
    "mpFullName": "Ann Clwyd",
    "mpUrl": "https://www.theyworkforyou.com/mp/10120/ann_clwyd/cynon_valley/votes"
  },
  {
    "mpFullName": "Vernon Coaker",
    "mpUrl": "https://www.theyworkforyou.com/mp/10121/vernon_coaker/gedling/votes"
  },
  {
    "mpFullName": "Ann Coffey",
    "mpUrl": "https://www.theyworkforyou.com/mp/10122/ann_coffey/stockport/votes"
  },
  {
    "mpFullName": "Therese Coffey",
    "mpUrl": "https://www.theyworkforyou.com/mp/24771/therese_coffey/suffolk_coastal/votes"
  },
  {
    "mpFullName": "Damian Collins",
    "mpUrl": "https://www.theyworkforyou.com/mp/24744/damian_collins/folkestone_and_hythe/votes"
  },
  {
    "mpFullName": "Julie Cooper",
    "mpUrl": "https://www.theyworkforyou.com/mp/25283/julie_cooper/burnley/votes"
  },
  {
    "mpFullName": "Rosie Cooper",
    "mpUrl": "https://www.theyworkforyou.com/mp/11667/rosie_cooper/west_lancashire/votes"
  },
  {
    "mpFullName": "Yvette Cooper",
    "mpUrl": "https://www.theyworkforyou.com/mp/10131/yvette_cooper/normanton%2C_pontefract_and_castleford/votes"
  },
  {
    "mpFullName": "Jeremy Corbyn",
    "mpUrl": "https://www.theyworkforyou.com/mp/10133/jeremy_corbyn/islington_north/votes"
  },
  {
    "mpFullName": "Alberto Costa",
    "mpUrl": "https://www.theyworkforyou.com/mp/25413/alberto_costa/south_leicestershire/votes"
  },
  {
    "mpFullName": "Robert Courts",
    "mpUrl": "https://www.theyworkforyou.com/mp/25593/robert_courts/witney/votes"
  },
  {
    "mpFullName": "Ronnie Cowan",
    "mpUrl": "https://www.theyworkforyou.com/mp/25288/ronnie_cowan/inverclyde/votes"
  },
  {
    "mpFullName": "Geoffrey Cox",
    "mpUrl": "https://www.theyworkforyou.com/mp/11541/geoffrey_cox/torridge_and_west_devon/votes"
  },
  {
    "mpFullName": "Neil Coyle",
    "mpUrl": "https://www.theyworkforyou.com/mp/25326/neil_coyle/bermondsey_and_old_southwark/votes"
  },
  {
    "mpFullName": "Stephen Crabb",
    "mpUrl": "https://www.theyworkforyou.com/mp/11768/stephen_crabb/preseli_pembrokeshire/votes"
  },
  {
    "mpFullName": "David Crausby",
    "mpUrl": "https://www.theyworkforyou.com/mp/10141/david_crausby/bolton_north_east/votes"
  },
  {
    "mpFullName": "Angela Crawley",
    "mpUrl": "https://www.theyworkforyou.com/mp/25295/angela_crawley/lanark_and_hamilton_east/votes"
  },
  {
    "mpFullName": "Mary Creagh",
    "mpUrl": "https://www.theyworkforyou.com/mp/11898/mary_creagh/wakefield/votes"
  },
  {
    "mpFullName": "Stella Creasy",
    "mpUrl": "https://www.theyworkforyou.com/mp/24949/stella_creasy/walthamstow/votes"
  },
  {
    "mpFullName": "Tracey Crouch",
    "mpUrl": "https://www.theyworkforyou.com/mp/24871/tracey_crouch/chatham_and_aylesford/votes"
  },
  {
    "mpFullName": "Jon Cruddas",
    "mpUrl": "https://www.theyworkforyou.com/mp/10828/jon_cruddas/dagenham_and_rainham/votes"
  },
  {
    "mpFullName": "John Cryer",
    "mpUrl": "https://www.theyworkforyou.com/mp/10143/john_cryer/leyton_and_wanstead/votes"
  },
  {
    "mpFullName": "Judith Cummins",
    "mpUrl": "https://www.theyworkforyou.com/mp/25393/judith_cummins/bradford_south/votes"
  },
  {
    "mpFullName": "Alex Cunningham",
    "mpUrl": "https://www.theyworkforyou.com/mp/24742/alex_cunningham/stockton_north/votes"
  },
  {
    "mpFullName": "Jim Cunningham",
    "mpUrl": "https://www.theyworkforyou.com/mp/10147/jim_cunningham/coventry_south/votes"
  },
  {
    "mpFullName": "Janet Daby",
    "mpUrl": "https://www.theyworkforyou.com/mp/25727/janet_daby/lewisham_east/votes"
  },
  {
    "mpFullName": "Nicholas Dakin",
    "mpUrl": "https://www.theyworkforyou.com/mp/24798/nicholas_dakin/scunthorpe/votes"
  },
  {
    "mpFullName": "Edward Davey",
    "mpUrl": "https://www.theyworkforyou.com/mp/10155/edward_davey/kingston_and_surbiton/votes"
  },
  {
    "mpFullName": "Wayne David",
    "mpUrl": "https://www.theyworkforyou.com/mp/10842/wayne_david/caerphilly/votes"
  },
  {
    "mpFullName": "Chris Davies",
    "mpUrl": "https://www.theyworkforyou.com/mp/25282/chris_davies/brecon_and_radnorshire/votes"
  },
  {
    "mpFullName": "David Davies",
    "mpUrl": "https://www.theyworkforyou.com/mp/11719/david_davies/monmouth/votes"
  },
  {
    "mpFullName": "Geraint Davies",
    "mpUrl": "https://www.theyworkforyou.com/mp/10159/geraint_davies/swansea_west/votes"
  },
  {
    "mpFullName": "Glyn Davies",
    "mpUrl": "https://www.theyworkforyou.com/mp/24739/glyn_davies/montgomeryshire/votes"
  },
  {
    "mpFullName": "Mims Davies",
    "mpUrl": "https://www.theyworkforyou.com/mp/25330/mims_davies/eastleigh/votes"
  },
  {
    "mpFullName": "Philip Davies",
    "mpUrl": "https://www.theyworkforyou.com/mp/11816/philip_davies/shipley/votes"
  },
  {
    "mpFullName": "David Davis",
    "mpUrl": "https://www.theyworkforyou.com/mp/10162/david_davis/haltemprice_and_howden/votes"
  },
  {
    "mpFullName": "Martyn Day",
    "mpUrl": "https://www.theyworkforyou.com/mp/25307/martyn_day/linlithgow_and_east_falkirk/votes"
  },
  {
    "mpFullName": "Marsha de Cordova",
    "mpUrl": "https://www.theyworkforyou.com/mp/25620/marsha_de_cordova/battersea/votes"
  },
  {
    "mpFullName": "Gloria De Piero",
    "mpUrl": "https://www.theyworkforyou.com/mp/24811/gloria_de_piero/ashfield/votes"
  },
  {
    "mpFullName": "Thangam Debbonaire",
    "mpUrl": "https://www.theyworkforyou.com/mp/25402/thangam_debbonaire/bristol_west/votes"
  },
  {
    "mpFullName": "Emma Dent Coad",
    "mpUrl": "https://www.theyworkforyou.com/mp/25706/emma_dent_coad/kensington/votes"
  },
  {
    "mpFullName": "Tanmanjeet Singh Dhesi",
    "mpUrl": "https://www.theyworkforyou.com/mp/25695/tanmanjeet_singh_dhesi/slough/votes"
  },
  {
    "mpFullName": "Caroline Dinenage",
    "mpUrl": "https://www.theyworkforyou.com/mp/24873/caroline_dinenage/gosport/votes"
  },
  {
    "mpFullName": "Jonathan Djanogly",
    "mpUrl": "https://www.theyworkforyou.com/mp/10854/jonathan_djanogly/huntingdon/votes"
  },
  {
    "mpFullName": "Leo Docherty",
    "mpUrl": "https://www.theyworkforyou.com/mp/25628/leo_docherty/aldershot/votes"
  },
  {
    "mpFullName": "Martin Docherty",
    "mpUrl": "https://www.theyworkforyou.com/mp/25275/martin_docherty/west_dunbartonshire/votes"
  },
  {
    "mpFullName": "Anneliese Dodds",
    "mpUrl": "https://www.theyworkforyou.com/mp/25618/anneliese_dodds/oxford_east/votes"
  },
  {
    "mpFullName": "Nigel Dodds",
    "mpUrl": "https://www.theyworkforyou.com/mp/10857/nigel_dodds/belfast_north/votes"
  },
  {
    "mpFullName": "Jeffrey M. Donaldson",
    "mpUrl": "https://www.theyworkforyou.com/mp/10172/jeffrey_m._donaldson/lagan_valley/votes"
  },
  {
    "mpFullName": "Michelle Donelan",
    "mpUrl": "https://www.theyworkforyou.com/mp/25316/michelle_donelan/chippenham/votes"
  },
  {
    "mpFullName": "Nadine Dorries",
    "mpUrl": "https://www.theyworkforyou.com/mp/11397/nadine_dorries/mid_bedfordshire/votes"
  },
  {
    "mpFullName": "Steve Double",
    "mpUrl": "https://www.theyworkforyou.com/mp/25410/steve_double/st_austell_and_newquay/votes"
  },
  {
    "mpFullName": "Stephen Doughty",
    "mpUrl": "https://www.theyworkforyou.com/mp/25166/stephen_doughty/cardiff_south_and_penarth/votes"
  },
  {
    "mpFullName": "Peter Dowd",
    "mpUrl": "https://www.theyworkforyou.com/mp/25309/peter_dowd/bootle/votes"
  },
  {
    "mpFullName": "Oliver Dowden",
    "mpUrl": "https://www.theyworkforyou.com/mp/25323/oliver_dowden/hertsmere/votes"
  },
  {
    "mpFullName": "Jackie Doyle-Price",
    "mpUrl": "https://www.theyworkforyou.com/mp/24957/jackie_doyle-price/thurrock/votes"
  },
  {
    "mpFullName": "Richard Drax",
    "mpUrl": "https://www.theyworkforyou.com/mp/24903/richard_drax/south_dorset/votes"
  },
  {
    "mpFullName": "David Drew",
    "mpUrl": "https://www.theyworkforyou.com/mp/10177/david_drew/stroud/votes"
  },
  {
    "mpFullName": "Jack Dromey",
    "mpUrl": "https://www.theyworkforyou.com/mp/24825/jack_dromey/birmingham%2C_erdington/votes"
  },
  {
    "mpFullName": "James Duddridge",
    "mpUrl": "https://www.theyworkforyou.com/mp/11785/james_duddridge/rochford_and_southend_east/votes"
  },
  {
    "mpFullName": "Rosie Duffield",
    "mpUrl": "https://www.theyworkforyou.com/mp/25656/rosie_duffield/canterbury/votes"
  },
  {
    "mpFullName": "David Duguid",
    "mpUrl": "https://www.theyworkforyou.com/mp/25664/david_duguid/banff_and_buchan/votes"
  },
  {
    "mpFullName": "Alan Duncan",
    "mpUrl": "https://www.theyworkforyou.com/mp/10179/alan_duncan/rutland_and_melton/votes"
  },
  {
    "mpFullName": "Iain Duncan Smith",
    "mpUrl": "https://www.theyworkforyou.com/mp/10180/iain_duncan_smith/chingford_and_woodford_green/votes"
  },
  {
    "mpFullName": "Philip Dunne",
    "mpUrl": "https://www.theyworkforyou.com/mp/11696/philip_dunne/ludlow/votes"
  },
  {
    "mpFullName": "Angela Eagle",
    "mpUrl": "https://www.theyworkforyou.com/mp/10182/angela_eagle/wallasey/votes"
  },
  {
    "mpFullName": "Maria Eagle",
    "mpUrl": "https://www.theyworkforyou.com/mp/10183/maria_eagle/garston_and_halewood/votes"
  },
  {
    "mpFullName": "Jonathan Edwards",
    "mpUrl": "https://www.theyworkforyou.com/mp/24743/jonathan_edwards/carmarthen_east_and_dinefwr/votes"
  },
  {
    "mpFullName": "Clive Efford",
    "mpUrl": "https://www.theyworkforyou.com/mp/10185/clive_efford/eltham/votes"
  },
  {
    "mpFullName": "Julie Elliott",
    "mpUrl": "https://www.theyworkforyou.com/mp/24710/julie_elliott/sunderland_central/votes"
  },
  {
    "mpFullName": "Michael Ellis",
    "mpUrl": "https://www.theyworkforyou.com/mp/24866/michael_ellis/northampton_north/votes"
  },
  {
    "mpFullName": "Louise Ellman",
    "mpUrl": "https://www.theyworkforyou.com/mp/10186/louise_ellman/liverpool%2C_riverside/votes"
  },
  {
    "mpFullName": "Tobias Ellwood",
    "mpUrl": "https://www.theyworkforyou.com/mp/11437/tobias_ellwood/bournemouth_east/votes"
  },
  {
    "mpFullName": "Chris Elmore",
    "mpUrl": "https://www.theyworkforyou.com/mp/25490/chris_elmore/ogmore/votes"
  },
  {
    "mpFullName": "Charlie Elphicke",
    "mpUrl": "https://www.theyworkforyou.com/mp/24777/charlie_elphicke/dover/votes"
  },
  {
    "mpFullName": "Bill Esterson",
    "mpUrl": "https://www.theyworkforyou.com/mp/24905/bill_esterson/sefton_central/votes"
  },
  {
    "mpFullName": "George Eustice",
    "mpUrl": "https://www.theyworkforyou.com/mp/24933/george_eustice/camborne_and_redruth/votes"
  },
  {
    "mpFullName": "Chris Evans",
    "mpUrl": "https://www.theyworkforyou.com/mp/24721/chris_evans/islwyn/votes"
  },
  {
    "mpFullName": "Nigel Evans",
    "mpUrl": "https://www.theyworkforyou.com/mp/10190/nigel_evans/ribble_valley/votes"
  },
  {
    "mpFullName": "David Evennett",
    "mpUrl": "https://www.theyworkforyou.com/mp/11408/david_evennett/bexleyheath_and_crayford/votes"
  },
  {
    "mpFullName": "Michael Fabricant",
    "mpUrl": "https://www.theyworkforyou.com/mp/10193/michael_fabricant/lichfield/votes"
  },
  {
    "mpFullName": "Michael Fallon",
    "mpUrl": "https://www.theyworkforyou.com/mp/10194/michael_fallon/sevenoaks/votes"
  },
  {
    "mpFullName": "Paul Farrelly",
    "mpUrl": "https://www.theyworkforyou.com/mp/10882/paul_farrelly/newcastle-under-lyme/votes"
  },
  {
    "mpFullName": "Tim Farron",
    "mpUrl": "https://www.theyworkforyou.com/mp/11923/tim_farron/westmorland_and_lonsdale/votes"
  },
  {
    "mpFullName": "Marion Fellows",
    "mpUrl": "https://www.theyworkforyou.com/mp/25277/marion_fellows/motherwell_and_wishaw/votes"
  },
  {
    "mpFullName": "Frank Field",
    "mpUrl": "https://www.theyworkforyou.com/mp/10197/frank_field/birkenhead/votes"
  },
  {
    "mpFullName": "Mark Field",
    "mpUrl": "https://www.theyworkforyou.com/mp/10884/mark_field/cities_of_london_and_westminster/votes"
  },
  {
    "mpFullName": "Jim Fitzpatrick",
    "mpUrl": "https://www.theyworkforyou.com/mp/10199/jim_fitzpatrick/poplar_and_limehouse/votes"
  },
  {
    "mpFullName": "Colleen Fletcher",
    "mpUrl": "https://www.theyworkforyou.com/mp/25319/colleen_fletcher/coventry_north_east/votes"
  },
  {
    "mpFullName": "Caroline Flint",
    "mpUrl": "https://www.theyworkforyou.com/mp/10202/caroline_flint/don_valley/votes"
  },
  {
    "mpFullName": "Lisa Forbes",
    "mpUrl": "https://www.theyworkforyou.com/mp/25772/lisa_forbes/peterborough/votes"
  },
  {
    "mpFullName": "Vicky Ford",
    "mpUrl": "https://www.theyworkforyou.com/mp/25614/vicky_ford/chelmsford/votes"
  },
  {
    "mpFullName": "Kevin Foster",
    "mpUrl": "https://www.theyworkforyou.com/mp/25338/kevin_foster/torbay/votes"
  },
  {
    "mpFullName": "Yvonne Fovargue",
    "mpUrl": "https://www.theyworkforyou.com/mp/24805/yvonne_fovargue/makerfield/votes"
  },
  {
    "mpFullName": "Liam Fox",
    "mpUrl": "https://www.theyworkforyou.com/mp/10213/liam_fox/north_somerset/votes"
  },
  {
    "mpFullName": "Vicky Foxcroft",
    "mpUrl": "https://www.theyworkforyou.com/mp/25380/vicky_foxcroft/lewisham%2C_deptford/votes"
  },
  {
    "mpFullName": "Mark Francois",
    "mpUrl": "https://www.theyworkforyou.com/mp/10901/mark_francois/rayleigh_and_wickford/votes"
  },
  {
    "mpFullName": "Lucy Frazer",
    "mpUrl": "https://www.theyworkforyou.com/mp/25399/lucy_frazer/south_east_cambridgeshire/votes"
  },
  {
    "mpFullName": "George Freeman",
    "mpUrl": "https://www.theyworkforyou.com/mp/24817/george_freeman/mid_norfolk/votes"
  },
  {
    "mpFullName": "Mike Freer",
    "mpUrl": "https://www.theyworkforyou.com/mp/24934/mike_freer/finchley_and_golders_green/votes"
  },
  {
    "mpFullName": "James Frith",
    "mpUrl": "https://www.theyworkforyou.com/mp/25622/james_frith/bury_north/votes"
  },
  {
    "mpFullName": "Gill Furniss",
    "mpUrl": "https://www.theyworkforyou.com/mp/25489/gill_furniss/sheffield%2C_brightside_and_hillsborough/votes"
  },
  {
    "mpFullName": "Marcus Fysh",
    "mpUrl": "https://www.theyworkforyou.com/mp/25384/marcus_fysh/yeovil/votes"
  },
  {
    "mpFullName": "Hugh Gaffney",
    "mpUrl": "https://www.theyworkforyou.com/mp/25660/hugh_gaffney/coatbridge%2C_chryston_and_bellshill/votes"
  },
  {
    "mpFullName": "Roger Gale",
    "mpUrl": "https://www.theyworkforyou.com/mp/10217/roger_gale/north_thanet/votes"
  },
  {
    "mpFullName": "Mike Gapes",
    "mpUrl": "https://www.theyworkforyou.com/mp/10219/mike_gapes/ilford_south/votes"
  },
  {
    "mpFullName": "Barry Gardiner",
    "mpUrl": "https://www.theyworkforyou.com/mp/10220/barry_gardiner/brent_north/votes"
  },
  {
    "mpFullName": "Mark Garnier",
    "mpUrl": "https://www.theyworkforyou.com/mp/24824/mark_garnier/wyre_forest/votes"
  },
  {
    "mpFullName": "David Gauke",
    "mpUrl": "https://www.theyworkforyou.com/mp/11633/david_gauke/south_west_hertfordshire/votes"
  },
  {
    "mpFullName": "Ruth George",
    "mpUrl": "https://www.theyworkforyou.com/mp/25633/ruth_george/high_peak/votes"
  },
  {
    "mpFullName": "Stephen Gethins",
    "mpUrl": "https://www.theyworkforyou.com/mp/25324/stephen_gethins/north_east_fife/votes"
  },
  {
    "mpFullName": "Nusrat Ghani",
    "mpUrl": "https://www.theyworkforyou.com/mp/25354/nusrat_ghani/wealden/votes"
  },
  {
    "mpFullName": "Nick Gibb",
    "mpUrl": "https://www.theyworkforyou.com/mp/10225/nick_gibb/bognor_regis_and_littlehampton/votes"
  },
  {
    "mpFullName": "Patricia Gibson",
    "mpUrl": "https://www.theyworkforyou.com/mp/25300/patricia_gibson/north_ayrshire_and_arran/votes"
  },
  {
    "mpFullName": "Michelle Gildernew",
    "mpUrl": "https://www.theyworkforyou.com/mp/10913/michelle_gildernew/fermanagh_and_south_tyrone/votes"
  },
  {
    "mpFullName": "Preet Kaur Gill",
    "mpUrl": "https://www.theyworkforyou.com/mp/25666/preet_kaur_gill/birmingham%2C_edgbaston/votes"
  },
  {
    "mpFullName": "Cheryl Gillan",
    "mpUrl": "https://www.theyworkforyou.com/mp/10228/dame_cheryl_gillan/chesham_and_amersham/votes"
  },
  {
    "mpFullName": "Paul Girvan",
    "mpUrl": "https://www.theyworkforyou.com/mp/25629/paul_girvan/south_antrim/votes"
  },
  {
    "mpFullName": "John Glen",
    "mpUrl": "https://www.theyworkforyou.com/mp/24839/john_glen/salisbury/votes"
  },
  {
    "mpFullName": "Mary Glindon",
    "mpUrl": "https://www.theyworkforyou.com/mp/24927/mary_glindon/north_tyneside/votes"
  },
  {
    "mpFullName": "Roger Godsiff",
    "mpUrl": "https://www.theyworkforyou.com/mp/10231/roger_godsiff/birmingham%2C_hall_green/votes"
  },
  {
    "mpFullName": "Zac Goldsmith",
    "mpUrl": "https://www.theyworkforyou.com/mp/24911/zac_goldsmith/richmond_park/votes"
  },
  {
    "mpFullName": "Helen Goodman",
    "mpUrl": "https://www.theyworkforyou.com/mp/11421/helen_goodman/bishop_auckland/votes"
  },
  {
    "mpFullName": "Robert Goodwill",
    "mpUrl": "https://www.theyworkforyou.com/mp/11804/robert_goodwill/scarborough_and_whitby/votes"
  },
  {
    "mpFullName": "Michael Gove",
    "mpUrl": "https://www.theyworkforyou.com/mp/11858/michael_gove/surrey_heath/votes"
  },
  {
    "mpFullName": "Patrick Grady",
    "mpUrl": "https://www.theyworkforyou.com/mp/25299/patrick_grady/glasgow_north/votes"
  },
  {
    "mpFullName": "Luke Graham",
    "mpUrl": "https://www.theyworkforyou.com/mp/25625/luke_graham/ochil_and_south_perthshire/votes"
  },
  {
    "mpFullName": "Richard Graham",
    "mpUrl": "https://www.theyworkforyou.com/mp/24921/richard_graham/gloucester/votes"
  },
  {
    "mpFullName": "Bill Grant",
    "mpUrl": "https://www.theyworkforyou.com/mp/25643/bill_grant/ayr%2C_carrick_and_cumnock/votes"
  },
  {
    "mpFullName": "Helen Grant",
    "mpUrl": "https://www.theyworkforyou.com/mp/24796/helen_grant/maidstone_and_the_weald/votes"
  },
  {
    "mpFullName": "Peter Grant",
    "mpUrl": "https://www.theyworkforyou.com/mp/25273/peter_grant/glenrothes/votes"
  },
  {
    "mpFullName": "James Gray",
    "mpUrl": "https://www.theyworkforyou.com/mp/10240/james_gray/north_wiltshire/votes"
  },
  {
    "mpFullName": "Neil Gray",
    "mpUrl": "https://www.theyworkforyou.com/mp/25293/neil_gray/airdrie_and_shotts/votes"
  },
  {
    "mpFullName": "Chris Grayling",
    "mpUrl": "https://www.theyworkforyou.com/mp/10920/chris_grayling/epsom_and_ewell/votes"
  },
  {
    "mpFullName": "Chris Green",
    "mpUrl": "https://www.theyworkforyou.com/mp/25359/chris_green/bolton_west/votes"
  },
  {
    "mpFullName": "Damian Green",
    "mpUrl": "https://www.theyworkforyou.com/mp/10241/damian_green/ashford/votes"
  },
  {
    "mpFullName": "Kate Green",
    "mpUrl": "https://www.theyworkforyou.com/mp/24896/kate_green/stretford_and_urmston/votes"
  },
  {
    "mpFullName": "Justine Greening",
    "mpUrl": "https://www.theyworkforyou.com/mp/11771/justine_greening/putney/votes"
  },
  {
    "mpFullName": "Lilian Greenwood",
    "mpUrl": "https://www.theyworkforyou.com/mp/24774/lilian_greenwood/nottingham_south/votes"
  },
  {
    "mpFullName": "Margaret Greenwood",
    "mpUrl": "https://www.theyworkforyou.com/mp/25349/margaret_greenwood/wirral_west/votes"
  },
  {
    "mpFullName": "Dominic Grieve",
    "mpUrl": "https://www.theyworkforyou.com/mp/10243/dominic_grieve/beaconsfield/votes"
  },
  {
    "mpFullName": "Nia Griffith",
    "mpUrl": "https://www.theyworkforyou.com/mp/11692/nia_griffith/llanelli/votes"
  },
  {
    "mpFullName": "Andrew Griffiths",
    "mpUrl": "https://www.theyworkforyou.com/mp/24826/andrew_griffiths/burton/votes"
  },
  {
    "mpFullName": "John Grogan",
    "mpUrl": "https://www.theyworkforyou.com/mp/10248/john_grogan/keighley/votes"
  },
  {
    "mpFullName": "Andrew Gwynne",
    "mpUrl": "https://www.theyworkforyou.com/mp/11531/andrew_gwynne/denton_and_reddish/votes"
  },
  {
    "mpFullName": "Sam Gyimah",
    "mpUrl": "https://www.theyworkforyou.com/mp/24789/sam_gyimah/east_surrey/votes"
  },
  {
    "mpFullName": "Louise Haigh",
    "mpUrl": "https://www.theyworkforyou.com/mp/25357/louise_haigh/sheffield%2C_heeley/votes"
  },
  {
    "mpFullName": "Kirstene Hair",
    "mpUrl": "https://www.theyworkforyou.com/mp/25616/kirstene_hair/angus/votes"
  },
  {
    "mpFullName": "Robert Halfon",
    "mpUrl": "https://www.theyworkforyou.com/mp/24784/robert_halfon/harlow/votes"
  },
  {
    "mpFullName": "Luke Hall",
    "mpUrl": "https://www.theyworkforyou.com/mp/25373/luke_hall/thornbury_and_yate/votes"
  },
  {
    "mpFullName": "Fabian Hamilton",
    "mpUrl": "https://www.theyworkforyou.com/mp/10256/fabian_hamilton/leeds_north_east/votes"
  },
  {
    "mpFullName": "Philip Hammond",
    "mpUrl": "https://www.theyworkforyou.com/mp/10257/philip_hammond/runnymede_and_weybridge/votes"
  },
  {
    "mpFullName": "Stephen Hammond",
    "mpUrl": "https://www.theyworkforyou.com/mp/11927/stephen_hammond/wimbledon/votes"
  },
  {
    "mpFullName": "Matthew Hancock",
    "mpUrl": "https://www.theyworkforyou.com/mp/24773/matthew_hancock/west_suffolk/votes"
  },
  {
    "mpFullName": "Greg Hands",
    "mpUrl": "https://www.theyworkforyou.com/mp/11610/greg_hands/chelsea_and_fulham/votes"
  },
  {
    "mpFullName": "David Hanson",
    "mpUrl": "https://www.theyworkforyou.com/mp/10259/david_hanson/delyn/votes"
  },
  {
    "mpFullName": "Emma Hardy",
    "mpUrl": "https://www.theyworkforyou.com/mp/25646/emma_hardy/kingston_upon_hull_west_and_hessle/votes"
  },
  {
    "mpFullName": "Harriet Harman",
    "mpUrl": "https://www.theyworkforyou.com/mp/10260/harriet_harman/camberwell_and_peckham/votes"
  },
  {
    "mpFullName": "Mark Harper",
    "mpUrl": "https://www.theyworkforyou.com/mp/11588/mark_harper/forest_of_dean/votes"
  },
  {
    "mpFullName": "Richard Harrington",
    "mpUrl": "https://www.theyworkforyou.com/mp/24954/richard_harrington/watford/votes"
  },
  {
    "mpFullName": "Carolyn Harris",
    "mpUrl": "https://www.theyworkforyou.com/mp/25308/carolyn_harris/swansea_east/votes"
  },
  {
    "mpFullName": "Rebecca Harris",
    "mpUrl": "https://www.theyworkforyou.com/mp/24731/rebecca_harris/castle_point/votes"
  },
  {
    "mpFullName": "Trudy Harrison",
    "mpUrl": "https://www.theyworkforyou.com/mp/25600/trudy_harrison/copeland/votes"
  },
  {
    "mpFullName": "Simon Hart",
    "mpUrl": "https://www.theyworkforyou.com/mp/24813/simon_hart/carmarthen_west_and_south_pembrokeshire/votes"
  },
  {
    "mpFullName": "Helen Hayes",
    "mpUrl": "https://www.theyworkforyou.com/mp/25310/helen_hayes/dulwich_and_west_norwood/votes"
  },
  {
    "mpFullName": "John Hayes",
    "mpUrl": "https://www.theyworkforyou.com/mp/10265/john_hayes/south_holland_and_the_deepings/votes"
  },
  {
    "mpFullName": "Sue Hayman",
    "mpUrl": "https://www.theyworkforyou.com/mp/25358/sue_hayman/workington/votes"
  },
  {
    "mpFullName": "Christopher Hazzard",
    "mpUrl": "https://www.theyworkforyou.com/mp/25154/christopher_hazzard/south_down/votes"
  },
  {
    "mpFullName": "Oliver Heald",
    "mpUrl": "https://www.theyworkforyou.com/mp/10267/oliver_heald/north_east_hertfordshire/votes"
  },
  {
    "mpFullName": "John Healey",
    "mpUrl": "https://www.theyworkforyou.com/mp/10268/john_healey/wentworth_and_dearne/votes"
  },
  {
    "mpFullName": "James Heappey",
    "mpUrl": "https://www.theyworkforyou.com/mp/25438/james_heappey/wells/votes"
  },
  {
    "mpFullName": "Chris Heaton-Harris",
    "mpUrl": "https://www.theyworkforyou.com/mp/24841/chris_heaton-harris/daventry/votes"
  },
  {
    "mpFullName": "Peter Heaton-Jones",
    "mpUrl": "https://www.theyworkforyou.com/mp/25412/peter_heaton-jones/north_devon/votes"
  },
  {
    "mpFullName": "Gordon Henderson",
    "mpUrl": "https://www.theyworkforyou.com/mp/24828/gordon_henderson/sittingbourne_and_sheppey/votes"
  },
  {
    "mpFullName": "Mark Hendrick",
    "mpUrl": "https://www.theyworkforyou.com/mp/10682/mark_hendrick/preston/votes"
  },
  {
    "mpFullName": "Drew Hendry",
    "mpUrl": "https://www.theyworkforyou.com/mp/25382/drew_hendry/inverness%2C_nairn%2C_badenoch_and_strathspey/votes"
  },
  {
    "mpFullName": "Stephen Hepburn",
    "mpUrl": "https://www.theyworkforyou.com/mp/10274/stephen_hepburn/jarrow/votes"
  },
  {
    "mpFullName": "Nick Herbert",
    "mpUrl": "https://www.theyworkforyou.com/mp/11377/nick_herbert/arundel_and_south_downs/votes"
  },
  {
    "mpFullName": "Sylvia Hermon",
    "mpUrl": "https://www.theyworkforyou.com/mp/10958/sylvia_hermon/north_down/votes"
  },
  {
    "mpFullName": "Mike Hill",
    "mpUrl": "https://www.theyworkforyou.com/mp/25619/mike_hill/hartlepool/votes"
  },
  {
    "mpFullName": "Meg Hillier",
    "mpUrl": "https://www.theyworkforyou.com/mp/11605/meg_hillier/hackney_south_and_shoreditch/votes"
  },
  {
    "mpFullName": "Damian Hinds",
    "mpUrl": "https://www.theyworkforyou.com/mp/24782/damian_hinds/east_hampshire/votes"
  },
  {
    "mpFullName": "Simon Hoare",
    "mpUrl": "https://www.theyworkforyou.com/mp/25427/simon_hoare/north_dorset/votes"
  },
  {
    "mpFullName": "Wera Hobhouse",
    "mpUrl": "https://www.theyworkforyou.com/mp/25648/wera_hobhouse/bath/votes"
  },
  {
    "mpFullName": "Margaret Hodge",
    "mpUrl": "https://www.theyworkforyou.com/mp/10281/margaret_hodge/barking/votes"
  },
  {
    "mpFullName": "Sharon Hodgson",
    "mpUrl": "https://www.theyworkforyou.com/mp/11592/sharon_hodgson/washington_and_sunderland_west/votes"
  },
  {
    "mpFullName": "Kate Hoey",
    "mpUrl": "https://www.theyworkforyou.com/mp/10282/kate_hoey/vauxhall/votes"
  },
  {
    "mpFullName": "Kate Hollern",
    "mpUrl": "https://www.theyworkforyou.com/mp/25298/kate_hollern/blackburn/votes"
  },
  {
    "mpFullName": "George Hollingbery",
    "mpUrl": "https://www.theyworkforyou.com/mp/24936/george_hollingbery/meon_valley/votes"
  },
  {
    "mpFullName": "Kevin Hollinrake",
    "mpUrl": "https://www.theyworkforyou.com/mp/25415/kevin_hollinrake/thirsk_and_malton/votes"
  },
  {
    "mpFullName": "Philip Hollobone",
    "mpUrl": "https://www.theyworkforyou.com/mp/11661/philip_hollobone/kettering/votes"
  },
  {
    "mpFullName": "Adam Holloway",
    "mpUrl": "https://www.theyworkforyou.com/mp/11599/adam_holloway/gravesham/votes"
  },
  {
    "mpFullName": "Kelvin Hopkins",
    "mpUrl": "https://www.theyworkforyou.com/mp/10288/kelvin_hopkins/luton_north/votes"
  },
  {
    "mpFullName": "Stewart Hosie",
    "mpUrl": "https://www.theyworkforyou.com/mp/11973/stewart_hosie/dundee_east/votes"
  },
  {
    "mpFullName": "George Howarth",
    "mpUrl": "https://www.theyworkforyou.com/mp/10292/george_howarth/knowsley/votes"
  },
  {
    "mpFullName": "John Howell",
    "mpUrl": "https://www.theyworkforyou.com/mp/14131/john_howell/henley/votes"
  },
  {
    "mpFullName": "Lindsay Hoyle",
    "mpUrl": "https://www.theyworkforyou.com/mp/10295/lindsay_hoyle/chorley/votes"
  },
  {
    "mpFullName": "Nigel Huddleston",
    "mpUrl": "https://www.theyworkforyou.com/mp/25381/nigel_huddleston/mid_worcestershire/votes"
  },
  {
    "mpFullName": "Eddie Hughes",
    "mpUrl": "https://www.theyworkforyou.com/mp/25699/eddie_hughes/walsall_north/votes"
  },
  {
    "mpFullName": "Jeremy Hunt",
    "mpUrl": "https://www.theyworkforyou.com/mp/11859/jeremy_hunt/south_west_surrey/votes"
  },
  {
    "mpFullName": "Rupa Huq",
    "mpUrl": "https://www.theyworkforyou.com/mp/25284/rupa_huq/ealing_central_and_acton/votes"
  },
  {
    "mpFullName": "Nick Hurd",
    "mpUrl": "https://www.theyworkforyou.com/mp/11792/nick_hurd/ruislip%2C_northwood_and_pinner/votes"
  },
  {
    "mpFullName": "Imran Hussain",
    "mpUrl": "https://www.theyworkforyou.com/mp/25375/imran_hussain/bradford_east/votes"
  },
  {
    "mpFullName": "Alister Jack",
    "mpUrl": "https://www.theyworkforyou.com/mp/25674/alister_jack/dumfries_and_galloway/votes"
  },
  {
    "mpFullName": "Margot James",
    "mpUrl": "https://www.theyworkforyou.com/mp/24876/margot_james/stourbridge/votes"
  },
  {
    "mpFullName": "Christine Jardine",
    "mpUrl": "https://www.theyworkforyou.com/mp/25675/christine_jardine/edinburgh_west/votes"
  },
  {
    "mpFullName": "Dan Jarvis",
    "mpUrl": "https://www.theyworkforyou.com/mp/25067/dan_jarvis/barnsley_central/votes"
  },
  {
    "mpFullName": "Sajid Javid",
    "mpUrl": "https://www.theyworkforyou.com/mp/24854/sajid_javid/bromsgrove/votes"
  },
  {
    "mpFullName": "Ranil Jayawardena",
    "mpUrl": "https://www.theyworkforyou.com/mp/25419/ranil_jayawardena/north_east_hampshire/votes"
  },
  {
    "mpFullName": "Bernard Jenkin",
    "mpUrl": "https://www.theyworkforyou.com/mp/10312/bernard_jenkin/harwich_and_north_essex/votes"
  },
  {
    "mpFullName": "Andrea Jenkyns",
    "mpUrl": "https://www.theyworkforyou.com/mp/25431/andrea_jenkyns/morley_and_outwood/votes"
  },
  {
    "mpFullName": "Robert Jenrick",
    "mpUrl": "https://www.theyworkforyou.com/mp/25227/robert_jenrick/newark/votes"
  },
  {
    "mpFullName": "Boris Johnson",
    "mpUrl": "https://www.theyworkforyou.com/mp/10999/boris_johnson/uxbridge_and_south_ruislip/votes"
  },
  {
    "mpFullName": "Caroline Johnson",
    "mpUrl": "https://www.theyworkforyou.com/mp/25597/dr_caroline_johnson/sleaford_and_north_hykeham/votes"
  },
  {
    "mpFullName": "Diana R. Johnson",
    "mpUrl": "https://www.theyworkforyou.com/mp/11647/diana_r._johnson/kingston_upon_hull_north/votes"
  },
  {
    "mpFullName": "Gareth Johnson",
    "mpUrl": "https://www.theyworkforyou.com/mp/24803/gareth_johnson/dartford/votes"
  },
  {
    "mpFullName": "Jo Johnson",
    "mpUrl": "https://www.theyworkforyou.com/mp/24895/jo_johnson/orpington/votes"
  },
  {
    "mpFullName": "Andrew Jones",
    "mpUrl": "https://www.theyworkforyou.com/mp/24758/andrew_jones/harrogate_and_knaresborough/votes"
  },
  {
    "mpFullName": "Darren Jones",
    "mpUrl": "https://www.theyworkforyou.com/mp/25637/darren_jones/bristol_north_west/votes"
  },
  {
    "mpFullName": "David Jones",
    "mpUrl": "https://www.theyworkforyou.com/mp/11506/david_jones/clwyd_west/votes"
  },
  {
    "mpFullName": "Gerald Jones",
    "mpUrl": "https://www.theyworkforyou.com/mp/25289/gerald_jones/merthyr_tydfil_and_rhymney/votes"
  },
  {
    "mpFullName": "Graham Jones",
    "mpUrl": "https://www.theyworkforyou.com/mp/24835/graham_jones/hyndburn/votes"
  },
  {
    "mpFullName": "Helen Jones",
    "mpUrl": "https://www.theyworkforyou.com/mp/10319/helen_jones/warrington_north/votes"
  },
  {
    "mpFullName": "Kevan Jones",
    "mpUrl": "https://www.theyworkforyou.com/mp/11003/kevan_jones/north_durham/votes"
  },
  {
    "mpFullName": "Marcus Jones",
    "mpUrl": "https://www.theyworkforyou.com/mp/24745/marcus_jones/nuneaton/votes"
  },
  {
    "mpFullName": "Ruth Jones",
    "mpUrl": "https://www.theyworkforyou.com/mp/25746/ruth_jones/newport_west/votes"
  },
  {
    "mpFullName": "Sarah Jones",
    "mpUrl": "https://www.theyworkforyou.com/mp/25673/sarah_jones/croydon_central/votes"
  },
  {
    "mpFullName": "Susan Elan Jones",
    "mpUrl": "https://www.theyworkforyou.com/mp/24720/susan_elan_jones/clwyd_south/votes"
  },
  {
    "mpFullName": "Mike Kane",
    "mpUrl": "https://www.theyworkforyou.com/mp/25220/mike_kane/wythenshawe_and_sale_east/votes"
  },
  {
    "mpFullName": "Daniel Kawczynski",
    "mpUrl": "https://www.theyworkforyou.com/mp/11817/daniel_kawczynski/shrewsbury_and_atcham/votes"
  },
  {
    "mpFullName": "Gillian Keegan",
    "mpUrl": "https://www.theyworkforyou.com/mp/25670/gillian_keegan/chichester/votes"
  },
  {
    "mpFullName": "Barbara Keeley",
    "mpUrl": "https://www.theyworkforyou.com/mp/11943/barbara_keeley/worsley_and_eccles_south/votes"
  },
  {
    "mpFullName": "Liz Kendall",
    "mpUrl": "https://www.theyworkforyou.com/mp/24816/liz_kendall/leicester_west/votes"
  },
  {
    "mpFullName": "Seema Kennedy",
    "mpUrl": "https://www.theyworkforyou.com/mp/25389/seema_kennedy/south_ribble/votes"
  },
  {
    "mpFullName": "Stephen Kerr",
    "mpUrl": "https://www.theyworkforyou.com/mp/25696/stephen_kerr/stirling/votes"
  },
  {
    "mpFullName": "Afzal Khan",
    "mpUrl": "https://www.theyworkforyou.com/mp/25662/afzal_khan/manchester%2C_gorton/votes"
  },
  {
    "mpFullName": "Ged Killen",
    "mpUrl": "https://www.theyworkforyou.com/mp/25612/ged_killen/rutherglen_and_hamilton_west/votes"
  },
  {
    "mpFullName": "Stephen Kinnock",
    "mpUrl": "https://www.theyworkforyou.com/mp/25297/stephen_kinnock/aberavon/votes"
  },
  {
    "mpFullName": "Greg Knight",
    "mpUrl": "https://www.theyworkforyou.com/mp/11026/greg_knight/east_yorkshire/votes"
  },
  {
    "mpFullName": "Julian Knight",
    "mpUrl": "https://www.theyworkforyou.com/mp/25388/julian_knight/solihull/votes"
  },
  {
    "mpFullName": "Kwasi Kwarteng",
    "mpUrl": "https://www.theyworkforyou.com/mp/24770/kwasi_kwarteng/spelthorne/votes"
  },
  {
    "mpFullName": "Peter Kyle",
    "mpUrl": "https://www.theyworkforyou.com/mp/25418/peter_kyle/hove/votes"
  },
  {
    "mpFullName": "Eleanor Laing",
    "mpUrl": "https://www.theyworkforyou.com/mp/10348/eleanor_laing/epping_forest/votes"
  },
  {
    "mpFullName": "Lesley Laird",
    "mpUrl": "https://www.theyworkforyou.com/mp/25653/lesley_laird/kirkcaldy_and_cowdenbeath/votes"
  },
  {
    "mpFullName": "Ben Lake",
    "mpUrl": "https://www.theyworkforyou.com/mp/25669/ben_lake/ceredigion/votes"
  },
  {
    "mpFullName": "Norman Lamb",
    "mpUrl": "https://www.theyworkforyou.com/mp/11032/norman_lamb/north_norfolk/votes"
  },
  {
    "mpFullName": "David Lammy",
    "mpUrl": "https://www.theyworkforyou.com/mp/10678/david_lammy/tottenham/votes"
  },
  {
    "mpFullName": "John Lamont",
    "mpUrl": "https://www.theyworkforyou.com/mp/14026/john_lamont/berwickshire%2C_roxburgh_and_selkirk/votes"
  },
  {
    "mpFullName": "Mark Lancaster",
    "mpUrl": "https://www.theyworkforyou.com/mp/11715/mark_lancaster/milton_keynes_north/votes"
  },
  {
    "mpFullName": "Pauline Latham",
    "mpUrl": "https://www.theyworkforyou.com/mp/24821/pauline_latham/mid_derbyshire/votes"
  },
  {
    "mpFullName": "Ian Lavery",
    "mpUrl": "https://www.theyworkforyou.com/mp/24963/ian_lavery/wansbeck/votes"
  },
  {
    "mpFullName": "Chris Law",
    "mpUrl": "https://www.theyworkforyou.com/mp/25270/chris_law/dundee_west/votes"
  },
  {
    "mpFullName": "Andrea Leadsom",
    "mpUrl": "https://www.theyworkforyou.com/mp/24829/andrea_leadsom/south_northamptonshire/votes"
  },
  {
    "mpFullName": "Karen Lee",
    "mpUrl": "https://www.theyworkforyou.com/mp/25682/karen_lee/lincoln/votes"
  },
  {
    "mpFullName": "Phillip Lee",
    "mpUrl": "https://www.theyworkforyou.com/mp/24765/phillip_lee/bracknell/votes"
  },
  {
    "mpFullName": "Jeremy Lefroy",
    "mpUrl": "https://www.theyworkforyou.com/mp/24760/jeremy_lefroy/stafford/votes"
  },
  {
    "mpFullName": "Edward Leigh",
    "mpUrl": "https://www.theyworkforyou.com/mp/10352/edward_leigh/gainsborough/votes"
  },
  {
    "mpFullName": "Chris Leslie",
    "mpUrl": "https://www.theyworkforyou.com/mp/10354/chris_leslie/nottingham_east/votes"
  },
  {
    "mpFullName": "Oliver Letwin",
    "mpUrl": "https://www.theyworkforyou.com/mp/10355/oliver_letwin/west_dorset/votes"
  },
  {
    "mpFullName": "Emma Lewell-Buck",
    "mpUrl": "https://www.theyworkforyou.com/mp/25181/emma_lewell-buck/south_shields/votes"
  },
  {
    "mpFullName": "Andrew Lewer",
    "mpUrl": "https://www.theyworkforyou.com/mp/25686/andrew_lewer/northampton_south/votes"
  },
  {
    "mpFullName": "Brandon Lewis",
    "mpUrl": "https://www.theyworkforyou.com/mp/24879/brandon_lewis/great_yarmouth/votes"
  },
  {
    "mpFullName": "Clive Lewis",
    "mpUrl": "https://www.theyworkforyou.com/mp/25356/clive_lewis/norwich_south/votes"
  },
  {
    "mpFullName": "Ivan Lewis",
    "mpUrl": "https://www.theyworkforyou.com/mp/10357/ivan_lewis/bury_south/votes"
  },
  {
    "mpFullName": "Julian Lewis",
    "mpUrl": "https://www.theyworkforyou.com/mp/10358/julian_lewis/new_forest_east/votes"
  },
  {
    "mpFullName": "Ian Liddell-Grainger",
    "mpUrl": "https://www.theyworkforyou.com/mp/11048/ian_liddell-grainger/bridgwater_and_west_somerset/votes"
  },
  {
    "mpFullName": "David Lidington",
    "mpUrl": "https://www.theyworkforyou.com/mp/10361/david_lidington/aylesbury/votes"
  },
  {
    "mpFullName": "David Linden",
    "mpUrl": "https://www.theyworkforyou.com/mp/25677/david_linden/glasgow_east/votes"
  },
  {
    "mpFullName": "Emma Little Pengelly",
    "mpUrl": "https://www.theyworkforyou.com/mp/25452/emma_little_pengelly/belfast_south/votes"
  },
  {
    "mpFullName": "Stephen Lloyd",
    "mpUrl": "https://www.theyworkforyou.com/mp/24754/stephen_lloyd/eastbourne/votes"
  },
  {
    "mpFullName": "Tony Lloyd",
    "mpUrl": "https://www.theyworkforyou.com/mp/10367/tony_lloyd/rochdale/votes"
  },
  {
    "mpFullName": "Rebecca Long-Bailey",
    "mpUrl": "https://www.theyworkforyou.com/mp/25368/rebecca_long-bailey/salford_and_eccles/votes"
  },
  {
    "mpFullName": "Julia Lopez",
    "mpUrl": "https://www.theyworkforyou.com/mp/25652/julia_lopez/hornchurch_and_upminster/votes"
  },
  {
    "mpFullName": "Jack Lopresti",
    "mpUrl": "https://www.theyworkforyou.com/mp/24716/jack_lopresti/filton_and_bradley_stoke/votes"
  },
  {
    "mpFullName": "Jonathan Lord",
    "mpUrl": "https://www.theyworkforyou.com/mp/24884/jonathan_lord/woking/votes"
  },
  {
    "mpFullName": "Tim Loughton",
    "mpUrl": "https://www.theyworkforyou.com/mp/10371/tim_loughton/east_worthing_and_shoreham/votes"
  },
  {
    "mpFullName": "Caroline Lucas",
    "mpUrl": "https://www.theyworkforyou.com/mp/24910/caroline_lucas/brighton%2C_pavilion/votes"
  },
  {
    "mpFullName": "Ian Lucas",
    "mpUrl": "https://www.theyworkforyou.com/mp/11057/ian_lucas/wrexham/votes"
  },
  {
    "mpFullName": "Holly Lynch",
    "mpUrl": "https://www.theyworkforyou.com/mp/25434/holly_lynch/halifax/votes"
  },
  {
    "mpFullName": "Craig Mackinlay",
    "mpUrl": "https://www.theyworkforyou.com/mp/25437/craig_mackinlay/south_thanet/votes"
  },
  {
    "mpFullName": "Rachel Maclean",
    "mpUrl": "https://www.theyworkforyou.com/mp/25692/rachel_maclean/redditch/votes"
  },
  {
    "mpFullName": "Angus MacNeil",
    "mpUrl": "https://www.theyworkforyou.com/mp/12004/angus_macneil/na_h-eileanan_an_iar/votes"
  },
  {
    "mpFullName": "Justin Madders",
    "mpUrl": "https://www.theyworkforyou.com/mp/25378/justin_madders/ellesmere_port_and_neston/votes"
  },
  {
    "mpFullName": "Khalid Mahmood",
    "mpUrl": "https://www.theyworkforyou.com/mp/11087/khalid_mahmood/birmingham%2C_perry_barr/votes"
  },
  {
    "mpFullName": "Shabana Mahmood",
    "mpUrl": "https://www.theyworkforyou.com/mp/24788/shabana_mahmood/birmingham%2C_ladywood/votes"
  },
  {
    "mpFullName": "Anne Main",
    "mpUrl": "https://www.theyworkforyou.com/mp/11798/anne_main/st_albans/votes"
  },
  {
    "mpFullName": "Alan Mak",
    "mpUrl": "https://www.theyworkforyou.com/mp/25285/alan_mak/havant/votes"
  },
  {
    "mpFullName": "Seema Malhotra",
    "mpUrl": "https://www.theyworkforyou.com/mp/25150/seema_malhotra/feltham_and_heston/votes"
  },
  {
    "mpFullName": "Kit Malthouse",
    "mpUrl": "https://www.theyworkforyou.com/mp/25346/kit_malthouse/north_west_hampshire/votes"
  },
  {
    "mpFullName": "John Mann",
    "mpUrl": "https://www.theyworkforyou.com/mp/11093/john_mann/bassetlaw/votes"
  },
  {
    "mpFullName": "Scott Mann",
    "mpUrl": "https://www.theyworkforyou.com/mp/25383/scott_mann/north_cornwall/votes"
  },
  {
    "mpFullName": "Gordon Marsden",
    "mpUrl": "https://www.theyworkforyou.com/mp/10415/gordon_marsden/blackpool_south/votes"
  },
  {
    "mpFullName": "Sandy Martin",
    "mpUrl": "https://www.theyworkforyou.com/mp/25635/sandy_martin/ipswich/votes"
  },
  {
    "mpFullName": "Rachael Maskell",
    "mpUrl": "https://www.theyworkforyou.com/mp/25433/rachael_maskell/york_central/votes"
  },
  {
    "mpFullName": "Paul Maskey",
    "mpUrl": "https://www.theyworkforyou.com/mp/13904/paul_maskey/belfast_west/votes"
  },
  {
    "mpFullName": "Paul Masterton",
    "mpUrl": "https://www.theyworkforyou.com/mp/25654/paul_masterton/east_renfrewshire/votes"
  },
  {
    "mpFullName": "Chris Matheson",
    "mpUrl": "https://www.theyworkforyou.com/mp/25411/chris_matheson/city_of_chester/votes"
  },
  {
    "mpFullName": "Theresa May",
    "mpUrl": "https://www.theyworkforyou.com/mp/10426/theresa_may/maidenhead/votes"
  },
  {
    "mpFullName": "Paul Maynard",
    "mpUrl": "https://www.theyworkforyou.com/mp/24764/paul_maynard/blackpool_north_and_cleveleys/votes"
  },
  {
    "mpFullName": "Steve McCabe",
    "mpUrl": "https://www.theyworkforyou.com/mp/10377/steve_mccabe/birmingham%2C_selly_oak/votes"
  },
  {
    "mpFullName": "Elisha McCallion",
    "mpUrl": "https://www.theyworkforyou.com/mp/25604/elisha_mccallion/foyle/votes"
  },
  {
    "mpFullName": "Kerry McCarthy",
    "mpUrl": "https://www.theyworkforyou.com/mp/11455/kerry_mccarthy/bristol_east/votes"
  },
  {
    "mpFullName": "Siobhain McDonagh",
    "mpUrl": "https://www.theyworkforyou.com/mp/10381/siobhain_mcdonagh/mitcham_and_morden/votes"
  },
  {
    "mpFullName": "Andy McDonald",
    "mpUrl": "https://www.theyworkforyou.com/mp/25169/andy_mcdonald/middlesbrough/votes"
  },
  {
    "mpFullName": "Stewart McDonald",
    "mpUrl": "https://www.theyworkforyou.com/mp/25322/stewart_mcdonald/glasgow_south/votes"
  },
  {
    "mpFullName": "Stuart McDonald",
    "mpUrl": "https://www.theyworkforyou.com/mp/25301/stuart_mcdonald/cumbernauld%2C_kilsyth_and_kirkintilloch_east/votes"
  },
  {
    "mpFullName": "John Martin McDonnell",
    "mpUrl": "https://www.theyworkforyou.com/mp/10383/john_martin_mcdonnell/hayes_and_harlington/votes"
  },
  {
    "mpFullName": "Pat McFadden",
    "mpUrl": "https://www.theyworkforyou.com/mp/11936/pat_mcfadden/wolverhampton_south_east/votes"
  },
  {
    "mpFullName": "Conor McGinn",
    "mpUrl": "https://www.theyworkforyou.com/mp/25423/conor_mcginn/st_helens_north/votes"
  },
  {
    "mpFullName": "Alison McGovern",
    "mpUrl": "https://www.theyworkforyou.com/mp/24897/alison_mcgovern/wirral_south/votes"
  },
  {
    "mpFullName": "Liz McInnes",
    "mpUrl": "https://www.theyworkforyou.com/mp/25230/liz_mcinnes/heywood_and_middleton/votes"
  },
  {
    "mpFullName": "Catherine McKinnell",
    "mpUrl": "https://www.theyworkforyou.com/mp/24818/catherine_mckinnell/newcastle_upon_tyne_north/votes"
  },
  {
    "mpFullName": "Patrick McLoughlin",
    "mpUrl": "https://www.theyworkforyou.com/mp/10397/patrick_mcloughlin/derbyshire_dales/votes"
  },
  {
    "mpFullName": "Jim McMahon",
    "mpUrl": "https://www.theyworkforyou.com/mp/25475/jim_mcmahon/oldham_west_and_royton/votes"
  },
  {
    "mpFullName": "Anna McMorrin",
    "mpUrl": "https://www.theyworkforyou.com/mp/25647/anna_mcmorrin/cardiff_north/votes"
  },
  {
    "mpFullName": "John McNally",
    "mpUrl": "https://www.theyworkforyou.com/mp/25271/john_mcnally/falkirk/votes"
  },
  {
    "mpFullName": "Stephen McPartland",
    "mpUrl": "https://www.theyworkforyou.com/mp/24888/stephen_mcpartland/stevenage/votes"
  },
  {
    "mpFullName": "Esther McVey",
    "mpUrl": "https://www.theyworkforyou.com/mp/24882/esther_mcvey/tatton/votes"
  },
  {
    "mpFullName": "Ian Mearns",
    "mpUrl": "https://www.theyworkforyou.com/mp/24919/ian_mearns/gateshead/votes"
  },
  {
    "mpFullName": "Mark Menzies",
    "mpUrl": "https://www.theyworkforyou.com/mp/24804/mark_menzies/fylde/votes"
  },
  {
    "mpFullName": "Johnny Mercer",
    "mpUrl": "https://www.theyworkforyou.com/mp/25367/johnny_mercer/plymouth%2C_moor_view/votes"
  },
  {
    "mpFullName": "Huw Merriman",
    "mpUrl": "https://www.theyworkforyou.com/mp/25426/huw_merriman/bexhill_and_battle/votes"
  },
  {
    "mpFullName": "Stephen Metcalfe",
    "mpUrl": "https://www.theyworkforyou.com/mp/24749/stephen_metcalfe/south_basildon_and_east_thurrock/votes"
  },
  {
    "mpFullName": "Ed Miliband",
    "mpUrl": "https://www.theyworkforyou.com/mp/11545/ed_miliband/doncaster_north/votes"
  },
  {
    "mpFullName": "Maria Miller",
    "mpUrl": "https://www.theyworkforyou.com/mp/11389/maria_miller/basingstoke/votes"
  },
  {
    "mpFullName": "Amanda Milling",
    "mpUrl": "https://www.theyworkforyou.com/mp/25350/amanda_milling/cannock_chase/votes"
  },
  {
    "mpFullName": "Nigel Mills",
    "mpUrl": "https://www.theyworkforyou.com/mp/24965/nigel_mills/amber_valley/votes"
  },
  {
    "mpFullName": "Anne Milton",
    "mpUrl": "https://www.theyworkforyou.com/mp/11603/anne_milton/guildford/votes"
  },
  {
    "mpFullName": "Andrew Mitchell",
    "mpUrl": "https://www.theyworkforyou.com/mp/11115/andrew_mitchell/sutton_coldfield/votes"
  },
  {
    "mpFullName": "Francie Molloy",
    "mpUrl": "https://www.theyworkforyou.com/mp/13836/francie_molloy/mid_ulster/votes"
  },
  {
    "mpFullName": "Carol Monaghan",
    "mpUrl": "https://www.theyworkforyou.com/mp/25406/carol_monaghan/glasgow_north_west/votes"
  },
  {
    "mpFullName": "Madeleine Moon",
    "mpUrl": "https://www.theyworkforyou.com/mp/11450/madeleine_moon/bridgend/votes"
  },
  {
    "mpFullName": "Damien Moore",
    "mpUrl": "https://www.theyworkforyou.com/mp/25630/damien_moore/southport/votes"
  },
  {
    "mpFullName": "Layla Moran",
    "mpUrl": "https://www.theyworkforyou.com/mp/25689/layla_moran/oxford_west_and_abingdon/votes"
  },
  {
    "mpFullName": "Penny Mordaunt",
    "mpUrl": "https://www.theyworkforyou.com/mp/24938/penny_mordaunt/portsmouth_north/votes"
  },
  {
    "mpFullName": "Jessica Morden",
    "mpUrl": "https://www.theyworkforyou.com/mp/11732/jessica_morden/newport_east/votes"
  },
  {
    "mpFullName": "Nicky Morgan",
    "mpUrl": "https://www.theyworkforyou.com/mp/24732/nicky_morgan/loughborough/votes"
  },
  {
    "mpFullName": "Stephen Morgan",
    "mpUrl": "https://www.theyworkforyou.com/mp/25658/stephen_morgan/portsmouth_south/votes"
  },
  {
    "mpFullName": "Anne Marie Morris",
    "mpUrl": "https://www.theyworkforyou.com/mp/24912/anne_marie_morris/newton_abbot/votes"
  },
  {
    "mpFullName": "David Morris",
    "mpUrl": "https://www.theyworkforyou.com/mp/24966/david_morris/morecambe_and_lunesdale/votes"
  },
  {
    "mpFullName": "Grahame Morris",
    "mpUrl": "https://www.theyworkforyou.com/mp/24715/grahame_morris/easington/votes"
  },
  {
    "mpFullName": "James Morris",
    "mpUrl": "https://www.theyworkforyou.com/mp/24855/james_morris/halesowen_and_rowley_regis/votes"
  },
  {
    "mpFullName": "Wendy Morton",
    "mpUrl": "https://www.theyworkforyou.com/mp/25342/wendy_morton/aldridge-brownhills/votes"
  },
  {
    "mpFullName": "David Mundell",
    "mpUrl": "https://www.theyworkforyou.com/mp/11970/david_mundell/dumfriesshire%2C_clydesdale_and_tweeddale/votes"
  },
  {
    "mpFullName": "Ian Murray",
    "mpUrl": "https://www.theyworkforyou.com/mp/24872/ian_murray/edinburgh_south/votes"
  },
  {
    "mpFullName": "Sheryll Murray",
    "mpUrl": "https://www.theyworkforyou.com/mp/24875/sheryll_murray/south_east_cornwall/votes"
  },
  {
    "mpFullName": "Andrew Murrison",
    "mpUrl": "https://www.theyworkforyou.com/mp/11132/andrew_murrison/south_west_wiltshire/votes"
  },
  {
    "mpFullName": "Lisa Nandy",
    "mpUrl": "https://www.theyworkforyou.com/mp/24831/lisa_nandy/wigan/votes"
  },
  {
    "mpFullName": "Bob Neill",
    "mpUrl": "https://www.theyworkforyou.com/mp/13736/bob_neill/bromley_and_chislehurst/votes"
  },
  {
    "mpFullName": "Gavin Newlands",
    "mpUrl": "https://www.theyworkforyou.com/mp/25291/gavin_newlands/paisley_and_renfrewshire_north/votes"
  },
  {
    "mpFullName": "Sarah Newton",
    "mpUrl": "https://www.theyworkforyou.com/mp/24948/sarah_newton/truro_and_falmouth/votes"
  },
  {
    "mpFullName": "Caroline Nokes",
    "mpUrl": "https://www.theyworkforyou.com/mp/24809/caroline_nokes/romsey_and_southampton_north/votes"
  },
  {
    "mpFullName": "Jesse Norman",
    "mpUrl": "https://www.theyworkforyou.com/mp/24827/jesse_norman/hereford_and_south_herefordshire/votes"
  },
  {
    "mpFullName": "Alex Norris",
    "mpUrl": "https://www.theyworkforyou.com/mp/25687/alex_norris/nottingham_north/votes"
  },
  {
    "mpFullName": "Neil O'Brien",
    "mpUrl": "https://www.theyworkforyou.com/mp/25679/neil_o%27brien/harborough/votes"
  },
  {
    "mpFullName": "Brendan O'Hara",
    "mpUrl": "https://www.theyworkforyou.com/mp/25370/brendan_o%27hara/argyll_and_bute/votes"
  },
  {
    "mpFullName": "Jared O'Mara",
    "mpUrl": "https://www.theyworkforyou.com/mp/25636/jared_o%27mara/sheffield%2C_hallam/votes"
  },
  {
    "mpFullName": "Matthew Offord",
    "mpUrl": "https://www.theyworkforyou.com/mp/24955/matthew_offord/hendon/votes"
  },
  {
    "mpFullName": "Melanie Onn",
    "mpUrl": "https://www.theyworkforyou.com/mp/25317/melanie_onn/great_grimsby/votes"
  },
  {
    "mpFullName": "Chi Onwurah",
    "mpUrl": "https://www.theyworkforyou.com/mp/24807/chi_onwurah/newcastle_upon_tyne_central/votes"
  },
  {
    "mpFullName": "Guy Opperman",
    "mpUrl": "https://www.theyworkforyou.com/mp/24962/guy_opperman/hexham/votes"
  },
  {
    "mpFullName": "Kate Osamor",
    "mpUrl": "https://www.theyworkforyou.com/mp/25365/kate_osamor/edmonton/votes"
  },
  {
    "mpFullName": "Albert Owen",
    "mpUrl": "https://www.theyworkforyou.com/mp/11148/albert_owen/ynys_mon/votes"
  },
  {
    "mpFullName": "Ian Paisley Jnr",
    "mpUrl": "https://www.theyworkforyou.com/mp/13852/ian_paisley_jnr/north_antrim/votes"
  },
  {
    "mpFullName": "Neil Parish",
    "mpUrl": "https://www.theyworkforyou.com/mp/24779/neil_parish/tiverton_and_honiton/votes"
  },
  {
    "mpFullName": "Priti Patel",
    "mpUrl": "https://www.theyworkforyou.com/mp/24778/priti_patel/witham/votes"
  },
  {
    "mpFullName": "Owen Paterson",
    "mpUrl": "https://www.theyworkforyou.com/mp/10473/owen_paterson/north_shropshire/votes"
  },
  {
    "mpFullName": "Mark Pawsey",
    "mpUrl": "https://www.theyworkforyou.com/mp/24880/mark_pawsey/rugby/votes"
  },
  {
    "mpFullName": "Stephanie Peacock",
    "mpUrl": "https://www.theyworkforyou.com/mp/25617/stephanie_peacock/barnsley_east/votes"
  },
  {
    "mpFullName": "Teresa Pearce",
    "mpUrl": "https://www.theyworkforyou.com/mp/24956/teresa_pearce/erith_and_thamesmead/votes"
  },
  {
    "mpFullName": "Mike Penning",
    "mpUrl": "https://www.theyworkforyou.com/mp/11626/mike_penning/hemel_hempstead/votes"
  },
  {
    "mpFullName": "Matthew Pennycook",
    "mpUrl": "https://www.theyworkforyou.com/mp/25379/matthew_pennycook/greenwich_and_woolwich/votes"
  },
  {
    "mpFullName": "John Penrose",
    "mpUrl": "https://www.theyworkforyou.com/mp/11924/john_penrose/weston-super-mare/votes"
  },
  {
    "mpFullName": "Andrew Percy",
    "mpUrl": "https://www.theyworkforyou.com/mp/24832/andrew_percy/brigg_and_goole/votes"
  },
  {
    "mpFullName": "Toby Perkins",
    "mpUrl": "https://www.theyworkforyou.com/mp/24845/toby_perkins/chesterfield/votes"
  },
  {
    "mpFullName": "Claire Perry",
    "mpUrl": "https://www.theyworkforyou.com/mp/24915/claire_perry/devizes/votes"
  },
  {
    "mpFullName": "Jess Phillips",
    "mpUrl": "https://www.theyworkforyou.com/mp/25364/jess_phillips/birmingham%2C_yardley/votes"
  },
  {
    "mpFullName": "Bridget Phillipson",
    "mpUrl": "https://www.theyworkforyou.com/mp/24709/bridget_phillipson/houghton_and_sunderland_south/votes"
  },
  {
    "mpFullName": "Chris Philp",
    "mpUrl": "https://www.theyworkforyou.com/mp/25377/chris_philp/croydon_south/votes"
  },
  {
    "mpFullName": "Laura Pidcock",
    "mpUrl": "https://www.theyworkforyou.com/mp/25640/laura_pidcock/north_west_durham/votes"
  },
  {
    "mpFullName": "Christopher Pincher",
    "mpUrl": "https://www.theyworkforyou.com/mp/24747/christopher_pincher/tamworth/votes"
  },
  {
    "mpFullName": "Jo Platt",
    "mpUrl": "https://www.theyworkforyou.com/mp/25611/jo_platt/leigh/votes"
  },
  {
    "mpFullName": "Luke Pollard",
    "mpUrl": "https://www.theyworkforyou.com/mp/25690/luke_pollard/plymouth%2C_sutton_and_devonport/votes"
  },
  {
    "mpFullName": "Daniel Poulter",
    "mpUrl": "https://www.theyworkforyou.com/mp/24756/daniel_poulter/central_suffolk_and_north_ipswich/votes"
  },
  {
    "mpFullName": "Steve Pound",
    "mpUrl": "https://www.theyworkforyou.com/mp/10484/steve_pound/ealing_north/votes"
  },
  {
    "mpFullName": "Rebecca Pow",
    "mpUrl": "https://www.theyworkforyou.com/mp/25407/rebecca_pow/taunton_deane/votes"
  },
  {
    "mpFullName": "Lucy Powell",
    "mpUrl": "https://www.theyworkforyou.com/mp/25165/lucy_powell/manchester_central/votes"
  },
  {
    "mpFullName": "Victoria Prentis",
    "mpUrl": "https://www.theyworkforyou.com/mp/25420/victoria_prentis/banbury/votes"
  },
  {
    "mpFullName": "Mark Prisk",
    "mpUrl": "https://www.theyworkforyou.com/mp/11172/mark_prisk/hertford_and_stortford/votes"
  },
  {
    "mpFullName": "Mark Pritchard",
    "mpUrl": "https://www.theyworkforyou.com/mp/11946/mark_pritchard/the_wrekin/votes"
  },
  {
    "mpFullName": "Tom Pursglove",
    "mpUrl": "https://www.theyworkforyou.com/mp/25387/tom_pursglove/corby/votes"
  },
  {
    "mpFullName": "Jeremy Quin",
    "mpUrl": "https://www.theyworkforyou.com/mp/25417/jeremy_quin/horsham/votes"
  },
  {
    "mpFullName": "Will Quince",
    "mpUrl": "https://www.theyworkforyou.com/mp/25403/will_quince/colchester/votes"
  },
  {
    "mpFullName": "Yasmin Qureshi",
    "mpUrl": "https://www.theyworkforyou.com/mp/24775/yasmin_qureshi/bolton_south_east/votes"
  },
  {
    "mpFullName": "Dominic Raab",
    "mpUrl": "https://www.theyworkforyou.com/mp/24815/dominic_raab/esher_and_walton/votes"
  },
  {
    "mpFullName": "Faisal Rashid",
    "mpUrl": "https://www.theyworkforyou.com/mp/25700/faisal_rashid/warrington_south/votes"
  },
  {
    "mpFullName": "Angela Rayner",
    "mpUrl": "https://www.theyworkforyou.com/mp/25429/angela_rayner/ashton-under-lyne/votes"
  },
  {
    "mpFullName": "John Redwood",
    "mpUrl": "https://www.theyworkforyou.com/mp/10499/john_redwood/wokingham/votes"
  },
  {
    "mpFullName": "Steve Reed",
    "mpUrl": "https://www.theyworkforyou.com/mp/25170/steve_reed/croydon_north/votes"
  },
  {
    "mpFullName": "Christina Rees",
    "mpUrl": "https://www.theyworkforyou.com/mp/25332/christina_rees/neath/votes"
  },
  {
    "mpFullName": "Jacob Rees-Mogg",
    "mpUrl": "https://www.theyworkforyou.com/mp/24926/jacob_rees-mogg/north_east_somerset/votes"
  },
  {
    "mpFullName": "Ellie Reeves",
    "mpUrl": "https://www.theyworkforyou.com/mp/25681/ellie_reeves/lewisham_west_and_penge/votes"
  },
  {
    "mpFullName": "Rachel Reeves",
    "mpUrl": "https://www.theyworkforyou.com/mp/24851/rachel_reeves/leeds_west/votes"
  },
  {
    "mpFullName": "Emma Reynolds",
    "mpUrl": "https://www.theyworkforyou.com/mp/24868/emma_reynolds/wolverhampton_north_east/votes"
  },
  {
    "mpFullName": "Jonathan Reynolds",
    "mpUrl": "https://www.theyworkforyou.com/mp/24929/jonathan_reynolds/stalybridge_and_hyde/votes"
  },
  {
    "mpFullName": "Marie Rimmer",
    "mpUrl": "https://www.theyworkforyou.com/mp/25321/marie_rimmer/st_helens_south_and_whiston/votes"
  },
  {
    "mpFullName": "Laurence Robertson",
    "mpUrl": "https://www.theyworkforyou.com/mp/10505/laurence_robertson/tewkesbury/votes"
  },
  {
    "mpFullName": "Gavin Robinson",
    "mpUrl": "https://www.theyworkforyou.com/mp/25280/gavin_robinson/belfast_east/votes"
  },
  {
    "mpFullName": "Geoffrey Robinson",
    "mpUrl": "https://www.theyworkforyou.com/mp/10506/geoffrey_robinson/coventry_north_west/votes"
  },
  {
    "mpFullName": "Mary Robinson",
    "mpUrl": "https://www.theyworkforyou.com/mp/25405/mary_robinson/cheadle/votes"
  },
  {
    "mpFullName": "Matt Rodda",
    "mpUrl": "https://www.theyworkforyou.com/mp/25691/matt_rodda/reading_east/votes"
  },
  {
    "mpFullName": "Andrew Rosindell",
    "mpUrl": "https://www.theyworkforyou.com/mp/11199/andrew_rosindell/romford/votes"
  },
  {
    "mpFullName": "Douglas Ross",
    "mpUrl": "https://www.theyworkforyou.com/mp/25531/douglas_ross/moray/votes"
  },
  {
    "mpFullName": "Danielle Rowley",
    "mpUrl": "https://www.theyworkforyou.com/mp/25684/danielle_rowley/midlothian/votes"
  },
  {
    "mpFullName": "Lee Rowley",
    "mpUrl": "https://www.theyworkforyou.com/mp/25685/lee_rowley/north_east_derbyshire/votes"
  },
  {
    "mpFullName": "Chris Ruane",
    "mpUrl": "https://www.theyworkforyou.com/mp/10518/chris_ruane/vale_of_clwyd/votes"
  },
  {
    "mpFullName": "Amber Rudd",
    "mpUrl": "https://www.theyworkforyou.com/mp/24795/amber_rudd/hastings_and_rye/votes"
  },
  {
    "mpFullName": "Lloyd Russell-Moyle",
    "mpUrl": "https://www.theyworkforyou.com/mp/25667/lloyd_russell-moyle/brighton%2C_kemptown/votes"
  },
  {
    "mpFullName": "David Rutley",
    "mpUrl": "https://www.theyworkforyou.com/mp/24820/david_rutley/macclesfield/votes"
  },
  {
    "mpFullName": "Joan Ryan",
    "mpUrl": "https://www.theyworkforyou.com/mp/10523/joan_ryan/enfield_north/votes"
  },
  {
    "mpFullName": "Antoinette Sandbach",
    "mpUrl": "https://www.theyworkforyou.com/mp/25363/antoinette_sandbach/eddisbury/votes"
  },
  {
    "mpFullName": "Liz Saville-Roberts",
    "mpUrl": "https://www.theyworkforyou.com/mp/25302/liz_saville-roberts/dwyfor_meirionnydd/votes"
  },
  {
    "mpFullName": "Paul Scully",
    "mpUrl": "https://www.theyworkforyou.com/mp/25331/paul_scully/sutton_and_cheam/votes"
  },
  {
    "mpFullName": "Bob Seely",
    "mpUrl": "https://www.theyworkforyou.com/mp/25645/bob_seely/isle_of_wight/votes"
  },
  {
    "mpFullName": "Andrew Selous",
    "mpUrl": "https://www.theyworkforyou.com/mp/11216/andrew_selous/south_west_bedfordshire/votes"
  },
  {
    "mpFullName": "Naseem Shah",
    "mpUrl": "https://www.theyworkforyou.com/mp/25385/naseem_shah/bradford_west/votes"
  },
  {
    "mpFullName": "Jim Shannon",
    "mpUrl": "https://www.theyworkforyou.com/mp/13864/jim_shannon/strangford/votes"
  },
  {
    "mpFullName": "Grant Shapps",
    "mpUrl": "https://www.theyworkforyou.com/mp/11917/grant_shapps/welwyn_hatfield/votes"
  },
  {
    "mpFullName": "Alok Sharma",
    "mpUrl": "https://www.theyworkforyou.com/mp/24902/alok_sharma/reading_west/votes"
  },
  {
    "mpFullName": "Virendra Sharma",
    "mpUrl": "https://www.theyworkforyou.com/mp/13934/virendra_sharma/ealing%2C_southall/votes"
  },
  {
    "mpFullName": "Barry Sheerman",
    "mpUrl": "https://www.theyworkforyou.com/mp/10534/barry_sheerman/huddersfield/votes"
  },
  {
    "mpFullName": "Alec Shelbrooke",
    "mpUrl": "https://www.theyworkforyou.com/mp/24893/alec_shelbrooke/elmet_and_rothwell/votes"
  },
  {
    "mpFullName": "Tommy Sheppard",
    "mpUrl": "https://www.theyworkforyou.com/mp/25341/tommy_sheppard/edinburgh_east/votes"
  },
  {
    "mpFullName": "Paula Sherriff",
    "mpUrl": "https://www.theyworkforyou.com/mp/25421/paula_sherriff/dewsbury/votes"
  },
  {
    "mpFullName": "Gavin Shuker",
    "mpUrl": "https://www.theyworkforyou.com/mp/24847/gavin_shuker/luton_south/votes"
  },
  {
    "mpFullName": "Tulip Siddiq",
    "mpUrl": "https://www.theyworkforyou.com/mp/25344/tulip_siddiq/hampstead_and_kilburn/votes"
  },
  {
    "mpFullName": "David Simpson",
    "mpUrl": "https://www.theyworkforyou.com/mp/11892/david_simpson/upper_bann/votes"
  },
  {
    "mpFullName": "Keith Simpson",
    "mpUrl": "https://www.theyworkforyou.com/mp/10542/keith_simpson/broadland/votes"
  },
  {
    "mpFullName": "Chris Skidmore",
    "mpUrl": "https://www.theyworkforyou.com/mp/24713/chris_skidmore/kingswood/votes"
  },
  {
    "mpFullName": "Dennis Skinner",
    "mpUrl": "https://www.theyworkforyou.com/mp/10544/dennis_skinner/bolsover/votes"
  },
  {
    "mpFullName": "Andrew Slaughter",
    "mpUrl": "https://www.theyworkforyou.com/mp/11559/andrew_slaughter/hammersmith/votes"
  },
  {
    "mpFullName": "Ruth Smeeth",
    "mpUrl": "https://www.theyworkforyou.com/mp/25435/ruth_smeeth/stoke-on-trent_north/votes"
  },
  {
    "mpFullName": "Angela Smith",
    "mpUrl": "https://www.theyworkforyou.com/mp/11814/angela_smith/penistone_and_stocksbridge/votes"
  },
  {
    "mpFullName": "Cat Smith",
    "mpUrl": "https://www.theyworkforyou.com/mp/25432/cat_smith/lancaster_and_fleetwood/votes"
  },
  {
    "mpFullName": "Chloe Smith",
    "mpUrl": "https://www.theyworkforyou.com/mp/24691/chloe_smith/norwich_north/votes"
  },
  {
    "mpFullName": "Eleanor Smith",
    "mpUrl": "https://www.theyworkforyou.com/mp/25631/eleanor_smith/wolverhampton_south_west/votes"
  },
  {
    "mpFullName": "Henry Smith",
    "mpUrl": "https://www.theyworkforyou.com/mp/24802/henry_smith/crawley/votes"
  },
  {
    "mpFullName": "Jeff Smith",
    "mpUrl": "https://www.theyworkforyou.com/mp/25366/jeff_smith/manchester%2C_withington/votes"
  },
  {
    "mpFullName": "Julian Smith",
    "mpUrl": "https://www.theyworkforyou.com/mp/24961/julian_smith/skipton_and_ripon/votes"
  },
  {
    "mpFullName": "Laura Smith",
    "mpUrl": "https://www.theyworkforyou.com/mp/25672/laura_smith/crewe_and_nantwich/votes"
  },
  {
    "mpFullName": "Nick Smith",
    "mpUrl": "https://www.theyworkforyou.com/mp/24728/nick_smith/blaenau_gwent/votes"
  },
  {
    "mpFullName": "Owen Smith",
    "mpUrl": "https://www.theyworkforyou.com/mp/24797/owen_smith/pontypridd/votes"
  },
  {
    "mpFullName": "Royston Smith",
    "mpUrl": "https://www.theyworkforyou.com/mp/25345/royston_smith/southampton%2C_itchen/votes"
  },
  {
    "mpFullName": "Karin Smyth",
    "mpUrl": "https://www.theyworkforyou.com/mp/25390/karin_smyth/bristol_south/votes"
  },
  {
    "mpFullName": "Gareth Snell",
    "mpUrl": "https://www.theyworkforyou.com/mp/25601/gareth_snell/stoke-on-trent_central/votes"
  },
  {
    "mpFullName": "Nicholas Soames",
    "mpUrl": "https://www.theyworkforyou.com/mp/10555/nicholas_soames/mid_sussex/votes"
  },
  {
    "mpFullName": "Alex Sobel",
    "mpUrl": "https://www.theyworkforyou.com/mp/25680/alex_sobel/leeds_north_west/votes"
  },
  {
    "mpFullName": "Anna Soubry",
    "mpUrl": "https://www.theyworkforyou.com/mp/24772/anna_soubry/broxtowe/votes"
  },
  {
    "mpFullName": "John Spellar",
    "mpUrl": "https://www.theyworkforyou.com/mp/10558/john_spellar/warley/votes"
  },
  {
    "mpFullName": "Caroline Spelman",
    "mpUrl": "https://www.theyworkforyou.com/mp/10559/caroline_spelman/meriden/votes"
  },
  {
    "mpFullName": "Mark Spencer",
    "mpUrl": "https://www.theyworkforyou.com/mp/24909/mark_spencer/sherwood/votes"
  },
  {
    "mpFullName": "Keir Starmer",
    "mpUrl": "https://www.theyworkforyou.com/mp/25353/keir_starmer/holborn_and_st_pancras/votes"
  },
  {
    "mpFullName": "Chris Stephens",
    "mpUrl": "https://www.theyworkforyou.com/mp/25306/chris_stephens/glasgow_south_west/votes"
  },
  {
    "mpFullName": "Andrew Stephenson",
    "mpUrl": "https://www.theyworkforyou.com/mp/24759/andrew_stephenson/pendle/votes"
  },
  {
    "mpFullName": "Jo Stevens",
    "mpUrl": "https://www.theyworkforyou.com/mp/25304/jo_stevens/cardiff_central/votes"
  },
  {
    "mpFullName": "John Stevenson",
    "mpUrl": "https://www.theyworkforyou.com/mp/24799/john_stevenson/carlisle/votes"
  },
  {
    "mpFullName": "Bob Stewart",
    "mpUrl": "https://www.theyworkforyou.com/mp/24907/bob_stewart/beckenham/votes"
  },
  {
    "mpFullName": "Iain Stewart",
    "mpUrl": "https://www.theyworkforyou.com/mp/24947/iain_stewart/milton_keynes_south/votes"
  },
  {
    "mpFullName": "Rory Stewart",
    "mpUrl": "https://www.theyworkforyou.com/mp/24964/rory_stewart/penrith_and_the_border/votes"
  },
  {
    "mpFullName": "Jamie Stone",
    "mpUrl": "https://www.theyworkforyou.com/mp/25668/jamie_stone/caithness%2C_sutherland_and_easter_ross/votes"
  },
  {
    "mpFullName": "Gary Streeter",
    "mpUrl": "https://www.theyworkforyou.com/mp/10575/gary_streeter/south_west_devon/votes"
  },
  {
    "mpFullName": "Wes Streeting",
    "mpUrl": "https://www.theyworkforyou.com/mp/25320/wes_streeting/ilford_north/votes"
  },
  {
    "mpFullName": "Mel Stride",
    "mpUrl": "https://www.theyworkforyou.com/mp/24914/mel_stride/central_devon/votes"
  },
  {
    "mpFullName": "Graham Stringer",
    "mpUrl": "https://www.theyworkforyou.com/mp/10576/graham_stringer/blackley_and_broughton/votes"
  },
  {
    "mpFullName": "Graham Stuart",
    "mpUrl": "https://www.theyworkforyou.com/mp/11406/graham_stuart/beverley_and_holderness/votes"
  },
  {
    "mpFullName": "Julian Sturdy",
    "mpUrl": "https://www.theyworkforyou.com/mp/24853/julian_sturdy/york_outer/votes"
  },
  {
    "mpFullName": "Rishi Sunak",
    "mpUrl": "https://www.theyworkforyou.com/mp/25428/rishi_sunak/richmond_%28yorks%29/votes"
  },
  {
    "mpFullName": "Desmond Swayne",
    "mpUrl": "https://www.theyworkforyou.com/mp/10580/desmond_swayne/new_forest_west/votes"
  },
  {
    "mpFullName": "Paul Sweeney",
    "mpUrl": "https://www.theyworkforyou.com/mp/25639/paul_sweeney/glasgow_north_east/votes"
  },
  {
    "mpFullName": "Jo Swinson",
    "mpUrl": "https://www.theyworkforyou.com/mp/11971/jo_swinson/east_dunbartonshire/votes"
  },
  {
    "mpFullName": "Hugo Swire",
    "mpUrl": "https://www.theyworkforyou.com/mp/11265/hugo_swire/east_devon/votes"
  },
  {
    "mpFullName": "Robert Syms",
    "mpUrl": "https://www.theyworkforyou.com/mp/10582/robert_syms/poole/votes"
  },
  {
    "mpFullName": "Mark Tami",
    "mpUrl": "https://www.theyworkforyou.com/mp/11267/mark_tami/alyn_and_deeside/votes"
  },
  {
    "mpFullName": "Alison Thewliss",
    "mpUrl": "https://www.theyworkforyou.com/mp/25327/alison_thewliss/glasgow_central/votes"
  },
  {
    "mpFullName": "Derek Thomas",
    "mpUrl": "https://www.theyworkforyou.com/mp/25440/derek_thomas/st_ives/votes"
  },
  {
    "mpFullName": "Gareth Thomas",
    "mpUrl": "https://www.theyworkforyou.com/mp/10594/gareth_thomas/harrow_west/votes"
  },
  {
    "mpFullName": "Nick Thomas-Symonds",
    "mpUrl": "https://www.theyworkforyou.com/mp/25279/nick_thomas-symonds/torfaen/votes"
  },
  {
    "mpFullName": "Ross Thomson",
    "mpUrl": "https://www.theyworkforyou.com/mp/25539/ross_thomson/aberdeen_south/votes"
  },
  {
    "mpFullName": "Emily Thornberry",
    "mpUrl": "https://www.theyworkforyou.com/mp/11656/emily_thornberry/islington_south_and_finsbury/votes"
  },
  {
    "mpFullName": "Maggie Throup",
    "mpUrl": "https://www.theyworkforyou.com/mp/25371/maggie_throup/erewash/votes"
  },
  {
    "mpFullName": "Stephen Timms",
    "mpUrl": "https://www.theyworkforyou.com/mp/10596/stephen_timms/east_ham/votes"
  },
  {
    "mpFullName": "Kelly Tolhurst",
    "mpUrl": "https://www.theyworkforyou.com/mp/25430/kelly_tolhurst/rochester_and_strood/votes"
  },
  {
    "mpFullName": "Justin Tomlinson",
    "mpUrl": "https://www.theyworkforyou.com/mp/24870/justin_tomlinson/north_swindon/votes"
  },
  {
    "mpFullName": "Michael Tomlinson",
    "mpUrl": "https://www.theyworkforyou.com/mp/25422/michael_tomlinson/mid_dorset_and_north_poole/votes"
  },
  {
    "mpFullName": "Craig Tracey",
    "mpUrl": "https://www.theyworkforyou.com/mp/25290/craig_tracey/north_warwickshire/votes"
  },
  {
    "mpFullName": "David Tredinnick",
    "mpUrl": "https://www.theyworkforyou.com/mp/10602/david_tredinnick/bosworth/votes"
  },
  {
    "mpFullName": "Anne-Marie Trevelyan",
    "mpUrl": "https://www.theyworkforyou.com/mp/25439/anne-marie_trevelyan/berwick-upon-tweed/votes"
  },
  {
    "mpFullName": "Jon Trickett",
    "mpUrl": "https://www.theyworkforyou.com/mp/10604/jon_trickett/hemsworth/votes"
  },
  {
    "mpFullName": "Elizabeth Truss",
    "mpUrl": "https://www.theyworkforyou.com/mp/24941/elizabeth_truss/south_west_norfolk/votes"
  },
  {
    "mpFullName": "Thomas Tugendhat",
    "mpUrl": "https://www.theyworkforyou.com/mp/25374/thomas_tugendhat/tonbridge_and_malling/votes"
  },
  {
    "mpFullName": "Anna Turley",
    "mpUrl": "https://www.theyworkforyou.com/mp/25313/anna_turley/redcar/votes"
  },
  {
    "mpFullName": "Karl Turner",
    "mpUrl": "https://www.theyworkforyou.com/mp/24767/karl_turner/kingston_upon_hull_east/votes"
  },
  {
    "mpFullName": "Derek Twigg",
    "mpUrl": "https://www.theyworkforyou.com/mp/10610/derek_twigg/halton/votes"
  },
  {
    "mpFullName": "Stephen Twigg",
    "mpUrl": "https://www.theyworkforyou.com/mp/10611/stephen_twigg/liverpool%2C_west_derby/votes"
  },
  {
    "mpFullName": "Liz Twist",
    "mpUrl": "https://www.theyworkforyou.com/mp/25623/liz_twist/blaydon/votes"
  },
  {
    "mpFullName": "Chuka Umunna",
    "mpUrl": "https://www.theyworkforyou.com/mp/24950/chuka_umunna/streatham/votes"
  },
  {
    "mpFullName": "Ed Vaizey",
    "mpUrl": "https://www.theyworkforyou.com/mp/11905/ed_vaizey/wantage/votes"
  },
  {
    "mpFullName": "Shailesh Vara",
    "mpUrl": "https://www.theyworkforyou.com/mp/11475/shailesh_vara/north_west_cambridgeshire/votes"
  },
  {
    "mpFullName": "Keith Vaz",
    "mpUrl": "https://www.theyworkforyou.com/mp/10614/keith_vaz/leicester_east/votes"
  },
  {
    "mpFullName": "Valerie Vaz",
    "mpUrl": "https://www.theyworkforyou.com/mp/24852/valerie_vaz/walsall_south/votes"
  },
  {
    "mpFullName": "Martin Vickers",
    "mpUrl": "https://www.theyworkforyou.com/mp/24814/martin_vickers/cleethorpes/votes"
  },
  {
    "mpFullName": "Theresa Villiers",
    "mpUrl": "https://www.theyworkforyou.com/mp/11500/theresa_villiers/chipping_barnet/votes"
  },
  {
    "mpFullName": "Charles Walker",
    "mpUrl": "https://www.theyworkforyou.com/mp/11461/charles_walker/broxbourne/votes"
  },
  {
    "mpFullName": "Robin Walker",
    "mpUrl": "https://www.theyworkforyou.com/mp/24862/robin_walker/worcester/votes"
  },
  {
    "mpFullName": "Thelma Walker",
    "mpUrl": "https://www.theyworkforyou.com/mp/25671/thelma_walker/colne_valley/votes"
  },
  {
    "mpFullName": "Ben Wallace",
    "mpUrl": "https://www.theyworkforyou.com/mp/11668/ben_wallace/wyre_and_preston_north/votes"
  },
  {
    "mpFullName": "David Warburton",
    "mpUrl": "https://www.theyworkforyou.com/mp/25372/david_warburton/somerton_and_frome/votes"
  },
  {
    "mpFullName": "Matt Warman",
    "mpUrl": "https://www.theyworkforyou.com/mp/25395/matt_warman/boston_and_skegness/votes"
  },
  {
    "mpFullName": "Giles Watling",
    "mpUrl": "https://www.theyworkforyou.com/mp/25644/giles_watling/clacton/votes"
  },
  {
    "mpFullName": "Tom Watson",
    "mpUrl": "https://www.theyworkforyou.com/mp/11309/tom_watson/west_bromwich_east/votes"
  },
  {
    "mpFullName": "Catherine West",
    "mpUrl": "https://www.theyworkforyou.com/mp/25328/catherine_west/hornsey_and_wood_green/votes"
  },
  {
    "mpFullName": "Matt Western",
    "mpUrl": "https://www.theyworkforyou.com/mp/25701/matt_western/warwick_and_leamington/votes"
  },
  {
    "mpFullName": "Helen Whately",
    "mpUrl": "https://www.theyworkforyou.com/mp/25398/helen_whately/faversham_and_mid_kent/votes"
  },
  {
    "mpFullName": "Heather Wheeler",
    "mpUrl": "https://www.theyworkforyou.com/mp/24769/heather_wheeler/south_derbyshire/votes"
  },
  {
    "mpFullName": "Alan Whitehead",
    "mpUrl": "https://www.theyworkforyou.com/mp/10630/alan_whitehead/southampton%2C_test/votes"
  },
  {
    "mpFullName": "Martin Whitfield",
    "mpUrl": "https://www.theyworkforyou.com/mp/25651/martin_whitfield/east_lothian/votes"
  },
  {
    "mpFullName": "Philippa Whitford",
    "mpUrl": "https://www.theyworkforyou.com/mp/25318/philippa_whitford/central_ayrshire/votes"
  },
  {
    "mpFullName": "Craig Whittaker",
    "mpUrl": "https://www.theyworkforyou.com/mp/24944/craig_whittaker/calder_valley/votes"
  },
  {
    "mpFullName": "John Whittingdale",
    "mpUrl": "https://www.theyworkforyou.com/mp/10632/john_whittingdale/maldon/votes"
  },
  {
    "mpFullName": "Bill Wiggin",
    "mpUrl": "https://www.theyworkforyou.com/mp/11318/bill_wiggin/north_herefordshire/votes"
  },
  {
    "mpFullName": "Hywel Williams",
    "mpUrl": "https://www.theyworkforyou.com/mp/11323/hywel_williams/arfon/votes"
  },
  {
    "mpFullName": "Paul Williams",
    "mpUrl": "https://www.theyworkforyou.com/mp/25621/paul_williams/stockton_south/votes"
  },
  {
    "mpFullName": "Chris Williamson",
    "mpUrl": "https://www.theyworkforyou.com/mp/24830/chris_williamson/derby_north/votes"
  },
  {
    "mpFullName": "Gavin Williamson",
    "mpUrl": "https://www.theyworkforyou.com/mp/24729/gavin_williamson/south_staffordshire/votes"
  },
  {
    "mpFullName": "Phil Wilson",
    "mpUrl": "https://www.theyworkforyou.com/mp/13933/phil_wilson/sedgefield/votes"
  },
  {
    "mpFullName": "Sammy Wilson",
    "mpUrl": "https://www.theyworkforyou.com/mp/11374/sammy_wilson/east_antrim/votes"
  },
  {
    "mpFullName": "Rosie Winterton",
    "mpUrl": "https://www.theyworkforyou.com/mp/10648/rosie_winterton/doncaster_central/votes"
  },
  {
    "mpFullName": "Pete Wishart",
    "mpUrl": "https://www.theyworkforyou.com/mp/11333/pete_wishart/perth_and_north_perthshire/votes"
  },
  {
    "mpFullName": "Sarah Wollaston",
    "mpUrl": "https://www.theyworkforyou.com/mp/24761/sarah_wollaston/totnes/votes"
  },
  {
    "mpFullName": "Mike Wood",
    "mpUrl": "https://www.theyworkforyou.com/mp/25362/mike_wood/dudley_south/votes"
  },
  {
    "mpFullName": "John Woodcock",
    "mpUrl": "https://www.theyworkforyou.com/mp/24837/john_woodcock/barrow_and_furness/votes"
  },
  {
    "mpFullName": "William Wragg",
    "mpUrl": "https://www.theyworkforyou.com/mp/25360/william_wragg/hazel_grove/votes"
  },
  {
    "mpFullName": "Jeremy Wright",
    "mpUrl": "https://www.theyworkforyou.com/mp/11791/jeremy_wright/kenilworth_and_southam/votes"
  },
  {
    "mpFullName": "Mohammad Yasin",
    "mpUrl": "https://www.theyworkforyou.com/mp/25649/mohammad_yasin/bedford/votes"
  },
  {
    "mpFullName": "Nadhim Zahawi",
    "mpUrl": "https://www.theyworkforyou.com/mp/24822/nadhim_zahawi/stratford-on-avon/votes"
  },
  {
    "mpFullName": "Daniel Zeichner",
    "mpUrl": "https://www.theyworkforyou.com/mp/25386/daniel_zeichner/cambridge/votes"
  }
]